file_path,annotation_file,label
../audioData/VAD_Kaggle/Data/Audio/Female/PTDB-TUG/mic_F01_sa2.wav,../audioData/VAD_Kaggle/Data/Annotation/Female/PTDB-TUG/mic_F01_sa2.TextGrid,Female
../audioData/VAD_Kaggle/Data/Audio/Female/PTDB-TUG/mic_F01_si454.wav,../audioData/VAD_Kaggle/Data/Annotation/Female/PTDB-TUG/mic_F01_si454.TextGrid,Female
../audioData/VAD_Kaggle/Data/Audio/Female/PTDB-TUG/mic_F01_si473.wav,../audioData/VAD_Kaggle/Data/Annotation/Female/PTDB-TUG/mic_F01_si473.TextGrid,Female
../audioData/VAD_Kaggle/Data/Audio/Female/PTDB-TUG/mic_F01_si502.wav,../audioData/VAD_Kaggle/Data/Annotation/Female/PTDB-TUG/mic_F01_si502.TextGrid,Female
../audioData/VAD_Kaggle/Data/Audio/Female/PTDB-TUG/mic_F01_si523.wav,../audioData/VAD_Kaggle/Data/Annotation/Female/PTDB-TUG/mic_F01_si523.TextGrid,Female
../audioData/VAD_Kaggle/Data/Audio/Female/PTDB-TUG/mic_F01_si528.wav,../audioData/VAD_Kaggle/Data/Annotation/Female/PTDB-TUG/mic_F01_si528.TextGrid,Female
../audioData/VAD_Kaggle/Data/Audio/Female/PTDB-TUG/mic_F01_si575.wav,../audioData/VAD_Kaggle/Data/Annotation/Female/PTDB-TUG/mic_F01_si575.TextGrid,Female
../audioData/VAD_Kaggle/Data/Audio/Female/PTDB-TUG/mic_F01_si606.wav,../audioData/VAD_Kaggle/Data/Annotation/Female/PTDB-TUG/mic_F01_si606.TextGrid,Female
../audioData/VAD_Kaggle/Data/Audio/Female/PTDB-TUG/mic_F01_si629.wav,../audioData/VAD_Kaggle/Data/Annotation/Female/PTDB-TUG/mic_F01_si629.TextGrid,Female
../audioData/VAD_Kaggle/Data/Audio/Female/PTDB-TUG/mic_F01_si640.wav,../audioData/VAD_Kaggle/Data/Annotation/Female/PTDB-TUG/mic_F01_si640.TextGrid,Female
../audioData/VAD_Kaggle/Data/Audio/Female/PTDB-TUG/mic_F01_sx16.wav,../audioData/VAD_Kaggle/Data/Annotation/Female/PTDB-TUG/mic_F01_sx16.TextGrid,Female
../audioData/VAD_Kaggle/Data/Audio/Female/PTDB-TUG/mic_F01_sx42.wav,../audioData/VAD_Kaggle/Data/Annotation/Female/PTDB-TUG/mic_F01_sx42.TextGrid,Female
../audioData/VAD_Kaggle/Data/Audio/Female/PTDB-TUG/mic_F02_sa1.wav,../audioData/VAD_Kaggle/Data/Annotation/Female/PTDB-TUG/mic_F02_sa1.TextGrid,Female
../audioData/VAD_Kaggle/Data/Audio/Female/PTDB-TUG/mic_F02_si654.wav,../audioData/VAD_Kaggle/Data/Annotation/Female/PTDB-TUG/mic_F02_si654.TextGrid,Female
../audioData/VAD_Kaggle/Data/Audio/Female/PTDB-TUG/mic_F02_si675.wav,../audioData/VAD_Kaggle/Data/Annotation/Female/PTDB-TUG/mic_F02_si675.TextGrid,Female
../audioData/VAD_Kaggle/Data/Audio/Female/PTDB-TUG/mic_F02_si698.wav,../audioData/VAD_Kaggle/Data/Annotation/Female/PTDB-TUG/mic_F02_si698.TextGrid,Female
../audioData/VAD_Kaggle/Data/Audio/Female/PTDB-TUG/mic_F02_si737.wav,../audioData/VAD_Kaggle/Data/Annotation/Female/PTDB-TUG/mic_F02_si737.TextGrid,Female
../audioData/VAD_Kaggle/Data/Audio/Female/PTDB-TUG/mic_F02_si772.wav,../audioData/VAD_Kaggle/Data/Annotation/Female/PTDB-TUG/mic_F02_si772.TextGrid,Female
../audioData/VAD_Kaggle/Data/Audio/Female/PTDB-TUG/mic_F02_si790.wav,../audioData/VAD_Kaggle/Data/Annotation/Female/PTDB-TUG/mic_F02_si790.TextGrid,Female
../audioData/VAD_Kaggle/Data/Audio/Female/PTDB-TUG/mic_F02_si791.wav,../audioData/VAD_Kaggle/Data/Annotation/Female/PTDB-TUG/mic_F02_si791.TextGrid,Female
../audioData/VAD_Kaggle/Data/Audio/Female/PTDB-TUG/mic_F02_si817.wav,../audioData/VAD_Kaggle/Data/Annotation/Female/PTDB-TUG/mic_F02_si817.TextGrid,Female
../audioData/VAD_Kaggle/Data/Audio/Female/PTDB-TUG/mic_F02_si822.wav,../audioData/VAD_Kaggle/Data/Annotation/Female/PTDB-TUG/mic_F02_si822.TextGrid,Female
../audioData/VAD_Kaggle/Data/Audio/Female/PTDB-TUG/mic_F02_sx48.wav,../audioData/VAD_Kaggle/Data/Annotation/Female/PTDB-TUG/mic_F02_sx48.TextGrid,Female
../audioData/VAD_Kaggle/Data/Audio/Female/PTDB-TUG/mic_F02_sx86.wav,../audioData/VAD_Kaggle/Data/Annotation/Female/PTDB-TUG/mic_F02_sx86.TextGrid,Female
../audioData/VAD_Kaggle/Data/Audio/Female/PTDB-TUG/mic_F03_si1018.wav,../audioData/VAD_Kaggle/Data/Annotation/Female/PTDB-TUG/mic_F03_si1018.TextGrid,Female
../audioData/VAD_Kaggle/Data/Audio/Female/PTDB-TUG/mic_F03_si864.wav,../audioData/VAD_Kaggle/Data/Annotation/Female/PTDB-TUG/mic_F03_si864.TextGrid,Female
../audioData/VAD_Kaggle/Data/Audio/Female/PTDB-TUG/mic_F03_si872.wav,../audioData/VAD_Kaggle/Data/Annotation/Female/PTDB-TUG/mic_F03_si872.TextGrid,Female
../audioData/VAD_Kaggle/Data/Audio/Female/PTDB-TUG/mic_F03_si892.wav,../audioData/VAD_Kaggle/Data/Annotation/Female/PTDB-TUG/mic_F03_si892.TextGrid,Female
../audioData/VAD_Kaggle/Data/Audio/Female/PTDB-TUG/mic_F03_si903.wav,../audioData/VAD_Kaggle/Data/Annotation/Female/PTDB-TUG/mic_F03_si903.TextGrid,Female
../audioData/VAD_Kaggle/Data/Audio/Female/PTDB-TUG/mic_F03_si908.wav,../audioData/VAD_Kaggle/Data/Annotation/Female/PTDB-TUG/mic_F03_si908.TextGrid,Female
../audioData/VAD_Kaggle/Data/Audio/Female/PTDB-TUG/mic_F03_si924.wav,../audioData/VAD_Kaggle/Data/Annotation/Female/PTDB-TUG/mic_F03_si924.TextGrid,Female
../audioData/VAD_Kaggle/Data/Audio/Female/PTDB-TUG/mic_F03_si954.wav,../audioData/VAD_Kaggle/Data/Annotation/Female/PTDB-TUG/mic_F03_si954.TextGrid,Female
../audioData/VAD_Kaggle/Data/Audio/Female/PTDB-TUG/mic_F03_si963.wav,../audioData/VAD_Kaggle/Data/Annotation/Female/PTDB-TUG/mic_F03_si963.TextGrid,Female
../audioData/VAD_Kaggle/Data/Audio/Female/PTDB-TUG/mic_F03_si985.wav,../audioData/VAD_Kaggle/Data/Annotation/Female/PTDB-TUG/mic_F03_si985.TextGrid,Female
../audioData/VAD_Kaggle/Data/Audio/Female/PTDB-TUG/mic_F03_sx125.wav,../audioData/VAD_Kaggle/Data/Annotation/Female/PTDB-TUG/mic_F03_sx125.TextGrid,Female
../audioData/VAD_Kaggle/Data/Audio/Female/PTDB-TUG/mic_F03_sx95.wav,../audioData/VAD_Kaggle/Data/Annotation/Female/PTDB-TUG/mic_F03_sx95.TextGrid,Female
../audioData/VAD_Kaggle/Data/Audio/Female/PTDB-TUG/mic_F04_si1046.wav,../audioData/VAD_Kaggle/Data/Annotation/Female/PTDB-TUG/mic_F04_si1046.TextGrid,Female
../audioData/VAD_Kaggle/Data/Audio/Female/PTDB-TUG/mic_F04_si1057.wav,../audioData/VAD_Kaggle/Data/Annotation/Female/PTDB-TUG/mic_F04_si1057.TextGrid,Female
../audioData/VAD_Kaggle/Data/Audio/Female/PTDB-TUG/mic_F04_si1058.wav,../audioData/VAD_Kaggle/Data/Annotation/Female/PTDB-TUG/mic_F04_si1058.TextGrid,Female
../audioData/VAD_Kaggle/Data/Audio/Female/PTDB-TUG/mic_F04_si1097.wav,../audioData/VAD_Kaggle/Data/Annotation/Female/PTDB-TUG/mic_F04_si1097.TextGrid,Female
../audioData/VAD_Kaggle/Data/Audio/Female/PTDB-TUG/mic_F04_si1117.wav,../audioData/VAD_Kaggle/Data/Annotation/Female/PTDB-TUG/mic_F04_si1117.TextGrid,Female
../audioData/VAD_Kaggle/Data/Audio/Female/PTDB-TUG/mic_F04_si1126.wav,../audioData/VAD_Kaggle/Data/Annotation/Female/PTDB-TUG/mic_F04_si1126.TextGrid,Female
../audioData/VAD_Kaggle/Data/Audio/Female/PTDB-TUG/mic_F04_si1169.wav,../audioData/VAD_Kaggle/Data/Annotation/Female/PTDB-TUG/mic_F04_si1169.TextGrid,Female
../audioData/VAD_Kaggle/Data/Audio/Female/PTDB-TUG/mic_F04_si1193.wav,../audioData/VAD_Kaggle/Data/Annotation/Female/PTDB-TUG/mic_F04_si1193.TextGrid,Female
../audioData/VAD_Kaggle/Data/Audio/Female/PTDB-TUG/mic_F04_si1197.wav,../audioData/VAD_Kaggle/Data/Annotation/Female/PTDB-TUG/mic_F04_si1197.TextGrid,Female
../audioData/VAD_Kaggle/Data/Audio/Female/PTDB-TUG/mic_F04_si1206.wav,../audioData/VAD_Kaggle/Data/Annotation/Female/PTDB-TUG/mic_F04_si1206.TextGrid,Female
../audioData/VAD_Kaggle/Data/Audio/Female/PTDB-TUG/mic_F04_sx147.wav,../audioData/VAD_Kaggle/Data/Annotation/Female/PTDB-TUG/mic_F04_sx147.TextGrid,Female
../audioData/VAD_Kaggle/Data/Audio/Female/PTDB-TUG/mic_F04_sx180.wav,../audioData/VAD_Kaggle/Data/Annotation/Female/PTDB-TUG/mic_F04_sx180.TextGrid,Female
../audioData/VAD_Kaggle/Data/Audio/Female/PTDB-TUG/mic_F05_si1222.wav,../audioData/VAD_Kaggle/Data/Annotation/Female/PTDB-TUG/mic_F05_si1222.TextGrid,Female
../audioData/VAD_Kaggle/Data/Audio/Female/PTDB-TUG/mic_F05_si1241.wav,../audioData/VAD_Kaggle/Data/Annotation/Female/PTDB-TUG/mic_F05_si1241.TextGrid,Female
../audioData/VAD_Kaggle/Data/Audio/Female/PTDB-TUG/mic_F05_si1256.wav,../audioData/VAD_Kaggle/Data/Annotation/Female/PTDB-TUG/mic_F05_si1256.TextGrid,Female
../audioData/VAD_Kaggle/Data/Audio/Female/PTDB-TUG/mic_F05_si1277.wav,../audioData/VAD_Kaggle/Data/Annotation/Female/PTDB-TUG/mic_F05_si1277.TextGrid,Female
../audioData/VAD_Kaggle/Data/Audio/Female/PTDB-TUG/mic_F05_si1300.wav,../audioData/VAD_Kaggle/Data/Annotation/Female/PTDB-TUG/mic_F05_si1300.TextGrid,Female
../audioData/VAD_Kaggle/Data/Audio/Female/PTDB-TUG/mic_F05_si1317.wav,../audioData/VAD_Kaggle/Data/Annotation/Female/PTDB-TUG/mic_F05_si1317.TextGrid,Female
../audioData/VAD_Kaggle/Data/Audio/Female/PTDB-TUG/mic_F05_si1332.wav,../audioData/VAD_Kaggle/Data/Annotation/Female/PTDB-TUG/mic_F05_si1332.TextGrid,Female
../audioData/VAD_Kaggle/Data/Audio/Female/PTDB-TUG/mic_F05_si1359.wav,../audioData/VAD_Kaggle/Data/Annotation/Female/PTDB-TUG/mic_F05_si1359.TextGrid,Female
../audioData/VAD_Kaggle/Data/Audio/Female/PTDB-TUG/mic_F05_si1392.wav,../audioData/VAD_Kaggle/Data/Annotation/Female/PTDB-TUG/mic_F05_si1392.TextGrid,Female
../audioData/VAD_Kaggle/Data/Audio/Female/PTDB-TUG/mic_F05_si1397.wav,../audioData/VAD_Kaggle/Data/Annotation/Female/PTDB-TUG/mic_F05_si1397.TextGrid,Female
../audioData/VAD_Kaggle/Data/Audio/Female/PTDB-TUG/mic_F05_sx187.wav,../audioData/VAD_Kaggle/Data/Annotation/Female/PTDB-TUG/mic_F05_sx187.TextGrid,Female
../audioData/VAD_Kaggle/Data/Audio/Female/PTDB-TUG/mic_F05_sx205.wav,../audioData/VAD_Kaggle/Data/Annotation/Female/PTDB-TUG/mic_F05_sx205.TextGrid,Female
../audioData/VAD_Kaggle/Data/Audio/Female/PTDB-TUG/mic_F06_si1430.wav,../audioData/VAD_Kaggle/Data/Annotation/Female/PTDB-TUG/mic_F06_si1430.TextGrid,Female
../audioData/VAD_Kaggle/Data/Audio/Female/PTDB-TUG/mic_F06_si1431.wav,../audioData/VAD_Kaggle/Data/Annotation/Female/PTDB-TUG/mic_F06_si1431.TextGrid,Female
../audioData/VAD_Kaggle/Data/Audio/Female/PTDB-TUG/mic_F06_si1444.wav,../audioData/VAD_Kaggle/Data/Annotation/Female/PTDB-TUG/mic_F06_si1444.TextGrid,Female
../audioData/VAD_Kaggle/Data/Audio/Female/PTDB-TUG/mic_F06_si1458.wav,../audioData/VAD_Kaggle/Data/Annotation/Female/PTDB-TUG/mic_F06_si1458.TextGrid,Female
../audioData/VAD_Kaggle/Data/Audio/Female/PTDB-TUG/mic_F06_si1482.wav,../audioData/VAD_Kaggle/Data/Annotation/Female/PTDB-TUG/mic_F06_si1482.TextGrid,Female
../audioData/VAD_Kaggle/Data/Audio/Female/PTDB-TUG/mic_F06_si1485.wav,../audioData/VAD_Kaggle/Data/Annotation/Female/PTDB-TUG/mic_F06_si1485.TextGrid,Female
../audioData/VAD_Kaggle/Data/Audio/Female/PTDB-TUG/mic_F06_si1504.wav,../audioData/VAD_Kaggle/Data/Annotation/Female/PTDB-TUG/mic_F06_si1504.TextGrid,Female
../audioData/VAD_Kaggle/Data/Audio/Female/PTDB-TUG/mic_F06_si1524.wav,../audioData/VAD_Kaggle/Data/Annotation/Female/PTDB-TUG/mic_F06_si1524.TextGrid,Female
../audioData/VAD_Kaggle/Data/Audio/Female/PTDB-TUG/mic_F06_si1555.wav,../audioData/VAD_Kaggle/Data/Annotation/Female/PTDB-TUG/mic_F06_si1555.TextGrid,Female
../audioData/VAD_Kaggle/Data/Audio/Female/PTDB-TUG/mic_F06_si1586.wav,../audioData/VAD_Kaggle/Data/Annotation/Female/PTDB-TUG/mic_F06_si1586.TextGrid,Female
../audioData/VAD_Kaggle/Data/Audio/Female/PTDB-TUG/mic_F06_sx266.wav,../audioData/VAD_Kaggle/Data/Annotation/Female/PTDB-TUG/mic_F06_sx266.TextGrid,Female
../audioData/VAD_Kaggle/Data/Audio/Female/PTDB-TUG/mic_F06_sx271.wav,../audioData/VAD_Kaggle/Data/Annotation/Female/PTDB-TUG/mic_F06_sx271.TextGrid,Female
../audioData/VAD_Kaggle/Data/Audio/Female/PTDB-TUG/mic_F07_si1587.wav,../audioData/VAD_Kaggle/Data/Annotation/Female/PTDB-TUG/mic_F07_si1587.TextGrid,Female
../audioData/VAD_Kaggle/Data/Audio/Female/PTDB-TUG/mic_F07_si1593.wav,../audioData/VAD_Kaggle/Data/Annotation/Female/PTDB-TUG/mic_F07_si1593.TextGrid,Female
../audioData/VAD_Kaggle/Data/Audio/Female/PTDB-TUG/mic_F07_si1618.wav,../audioData/VAD_Kaggle/Data/Annotation/Female/PTDB-TUG/mic_F07_si1618.TextGrid,Female
../audioData/VAD_Kaggle/Data/Audio/Female/PTDB-TUG/mic_F07_si1654.wav,../audioData/VAD_Kaggle/Data/Annotation/Female/PTDB-TUG/mic_F07_si1654.TextGrid,Female
../audioData/VAD_Kaggle/Data/Audio/Female/PTDB-TUG/mic_F07_si1666.wav,../audioData/VAD_Kaggle/Data/Annotation/Female/PTDB-TUG/mic_F07_si1666.TextGrid,Female
../audioData/VAD_Kaggle/Data/Audio/Female/PTDB-TUG/mic_F07_si1684.wav,../audioData/VAD_Kaggle/Data/Annotation/Female/PTDB-TUG/mic_F07_si1684.TextGrid,Female
../audioData/VAD_Kaggle/Data/Audio/Female/PTDB-TUG/mic_F07_si1712.wav,../audioData/VAD_Kaggle/Data/Annotation/Female/PTDB-TUG/mic_F07_si1712.TextGrid,Female
../audioData/VAD_Kaggle/Data/Audio/Female/PTDB-TUG/mic_F07_si1713.wav,../audioData/VAD_Kaggle/Data/Annotation/Female/PTDB-TUG/mic_F07_si1713.TextGrid,Female
../audioData/VAD_Kaggle/Data/Audio/Female/PTDB-TUG/mic_F07_si1729.wav,../audioData/VAD_Kaggle/Data/Annotation/Female/PTDB-TUG/mic_F07_si1729.TextGrid,Female
../audioData/VAD_Kaggle/Data/Audio/Female/PTDB-TUG/mic_F07_si1764.wav,../audioData/VAD_Kaggle/Data/Annotation/Female/PTDB-TUG/mic_F07_si1764.TextGrid,Female
../audioData/VAD_Kaggle/Data/Audio/Female/PTDB-TUG/mic_F07_sx280.wav,../audioData/VAD_Kaggle/Data/Annotation/Female/PTDB-TUG/mic_F07_sx280.TextGrid,Female
../audioData/VAD_Kaggle/Data/Audio/Female/PTDB-TUG/mic_F07_sx304.wav,../audioData/VAD_Kaggle/Data/Annotation/Female/PTDB-TUG/mic_F07_sx304.TextGrid,Female
../audioData/VAD_Kaggle/Data/Audio/Female/PTDB-TUG/mic_F08_si1788.wav,../audioData/VAD_Kaggle/Data/Annotation/Female/PTDB-TUG/mic_F08_si1788.TextGrid,Female
../audioData/VAD_Kaggle/Data/Audio/Female/PTDB-TUG/mic_F08_si1791.wav,../audioData/VAD_Kaggle/Data/Annotation/Female/PTDB-TUG/mic_F08_si1791.TextGrid,Female
../audioData/VAD_Kaggle/Data/Audio/Female/PTDB-TUG/mic_F08_si1818.wav,../audioData/VAD_Kaggle/Data/Annotation/Female/PTDB-TUG/mic_F08_si1818.TextGrid,Female
../audioData/VAD_Kaggle/Data/Audio/Female/PTDB-TUG/mic_F08_si1820.wav,../audioData/VAD_Kaggle/Data/Annotation/Female/PTDB-TUG/mic_F08_si1820.TextGrid,Female
../audioData/VAD_Kaggle/Data/Audio/Female/PTDB-TUG/mic_F08_si1846.wav,../audioData/VAD_Kaggle/Data/Annotation/Female/PTDB-TUG/mic_F08_si1846.TextGrid,Female
../audioData/VAD_Kaggle/Data/Audio/Female/PTDB-TUG/mic_F08_si1890.wav,../audioData/VAD_Kaggle/Data/Annotation/Female/PTDB-TUG/mic_F08_si1890.TextGrid,Female
../audioData/VAD_Kaggle/Data/Audio/Female/PTDB-TUG/mic_F08_si1892.wav,../audioData/VAD_Kaggle/Data/Annotation/Female/PTDB-TUG/mic_F08_si1892.TextGrid,Female
../audioData/VAD_Kaggle/Data/Audio/Female/PTDB-TUG/mic_F08_si1911.wav,../audioData/VAD_Kaggle/Data/Annotation/Female/PTDB-TUG/mic_F08_si1911.TextGrid,Female
../audioData/VAD_Kaggle/Data/Audio/Female/PTDB-TUG/mic_F08_si1934.wav,../audioData/VAD_Kaggle/Data/Annotation/Female/PTDB-TUG/mic_F08_si1934.TextGrid,Female
../audioData/VAD_Kaggle/Data/Audio/Female/PTDB-TUG/mic_F08_si1952.wav,../audioData/VAD_Kaggle/Data/Annotation/Female/PTDB-TUG/mic_F08_si1952.TextGrid,Female
../audioData/VAD_Kaggle/Data/Audio/Female/PTDB-TUG/mic_F08_sx353.wav,../audioData/VAD_Kaggle/Data/Annotation/Female/PTDB-TUG/mic_F08_sx353.TextGrid,Female
../audioData/VAD_Kaggle/Data/Audio/Female/PTDB-TUG/mic_F08_sx362.wav,../audioData/VAD_Kaggle/Data/Annotation/Female/PTDB-TUG/mic_F08_sx362.TextGrid,Female
../audioData/VAD_Kaggle/Data/Audio/Female/PTDB-TUG/mic_F09_si1974.wav,../audioData/VAD_Kaggle/Data/Annotation/Female/PTDB-TUG/mic_F09_si1974.TextGrid,Female
../audioData/VAD_Kaggle/Data/Audio/Female/PTDB-TUG/mic_F09_si1979.wav,../audioData/VAD_Kaggle/Data/Annotation/Female/PTDB-TUG/mic_F09_si1979.TextGrid,Female
../audioData/VAD_Kaggle/Data/Audio/Female/PTDB-TUG/mic_F09_si2002.wav,../audioData/VAD_Kaggle/Data/Annotation/Female/PTDB-TUG/mic_F09_si2002.TextGrid,Female
../audioData/VAD_Kaggle/Data/Audio/Female/PTDB-TUG/mic_F09_si2009.wav,../audioData/VAD_Kaggle/Data/Annotation/Female/PTDB-TUG/mic_F09_si2009.TextGrid,Female
../audioData/VAD_Kaggle/Data/Audio/Female/PTDB-TUG/mic_F09_si2020.wav,../audioData/VAD_Kaggle/Data/Annotation/Female/PTDB-TUG/mic_F09_si2020.TextGrid,Female
../audioData/VAD_Kaggle/Data/Audio/Female/PTDB-TUG/mic_F09_si2056.wav,../audioData/VAD_Kaggle/Data/Annotation/Female/PTDB-TUG/mic_F09_si2056.TextGrid,Female
../audioData/VAD_Kaggle/Data/Audio/Female/PTDB-TUG/mic_F09_si2076.wav,../audioData/VAD_Kaggle/Data/Annotation/Female/PTDB-TUG/mic_F09_si2076.TextGrid,Female
../audioData/VAD_Kaggle/Data/Audio/Female/PTDB-TUG/mic_F09_si2078.wav,../audioData/VAD_Kaggle/Data/Annotation/Female/PTDB-TUG/mic_F09_si2078.TextGrid,Female
../audioData/VAD_Kaggle/Data/Audio/Female/PTDB-TUG/mic_F09_si2111.wav,../audioData/VAD_Kaggle/Data/Annotation/Female/PTDB-TUG/mic_F09_si2111.TextGrid,Female
../audioData/VAD_Kaggle/Data/Audio/Female/PTDB-TUG/mic_F09_si2146.wav,../audioData/VAD_Kaggle/Data/Annotation/Female/PTDB-TUG/mic_F09_si2146.TextGrid,Female
../audioData/VAD_Kaggle/Data/Audio/Female/PTDB-TUG/mic_F09_sx367.wav,../audioData/VAD_Kaggle/Data/Annotation/Female/PTDB-TUG/mic_F09_sx367.TextGrid,Female
../audioData/VAD_Kaggle/Data/Audio/Female/PTDB-TUG/mic_F09_sx407.wav,../audioData/VAD_Kaggle/Data/Annotation/Female/PTDB-TUG/mic_F09_sx407.TextGrid,Female
../audioData/VAD_Kaggle/Data/Audio/Female/PTDB-TUG/mic_F10_si2157.wav,../audioData/VAD_Kaggle/Data/Annotation/Female/PTDB-TUG/mic_F10_si2157.TextGrid,Female
../audioData/VAD_Kaggle/Data/Audio/Female/PTDB-TUG/mic_F10_si2174.wav,../audioData/VAD_Kaggle/Data/Annotation/Female/PTDB-TUG/mic_F10_si2174.TextGrid,Female
../audioData/VAD_Kaggle/Data/Audio/Female/PTDB-TUG/mic_F10_si2201.wav,../audioData/VAD_Kaggle/Data/Annotation/Female/PTDB-TUG/mic_F10_si2201.TextGrid,Female
../audioData/VAD_Kaggle/Data/Audio/Female/PTDB-TUG/mic_F10_si2233.wav,../audioData/VAD_Kaggle/Data/Annotation/Female/PTDB-TUG/mic_F10_si2233.TextGrid,Female
../audioData/VAD_Kaggle/Data/Audio/Female/PTDB-TUG/mic_F10_si2239.wav,../audioData/VAD_Kaggle/Data/Annotation/Female/PTDB-TUG/mic_F10_si2239.TextGrid,Female
../audioData/VAD_Kaggle/Data/Audio/Female/PTDB-TUG/mic_F10_si2274.wav,../audioData/VAD_Kaggle/Data/Annotation/Female/PTDB-TUG/mic_F10_si2274.TextGrid,Female
../audioData/VAD_Kaggle/Data/Audio/Female/PTDB-TUG/mic_F10_si2294.wav,../audioData/VAD_Kaggle/Data/Annotation/Female/PTDB-TUG/mic_F10_si2294.TextGrid,Female
../audioData/VAD_Kaggle/Data/Audio/Female/PTDB-TUG/mic_F10_si2327.wav,../audioData/VAD_Kaggle/Data/Annotation/Female/PTDB-TUG/mic_F10_si2327.TextGrid,Female
../audioData/VAD_Kaggle/Data/Audio/Female/PTDB-TUG/mic_F10_si2329.wav,../audioData/VAD_Kaggle/Data/Annotation/Female/PTDB-TUG/mic_F10_si2329.TextGrid,Female
../audioData/VAD_Kaggle/Data/Audio/Female/PTDB-TUG/mic_F10_si2340.wav,../audioData/VAD_Kaggle/Data/Annotation/Female/PTDB-TUG/mic_F10_si2340.TextGrid,Female
../audioData/VAD_Kaggle/Data/Audio/Female/PTDB-TUG/mic_F10_sx436.wav,../audioData/VAD_Kaggle/Data/Annotation/Female/PTDB-TUG/mic_F10_sx436.TextGrid,Female
../audioData/VAD_Kaggle/Data/Audio/Female/PTDB-TUG/mic_F10_sx452.wav,../audioData/VAD_Kaggle/Data/Annotation/Female/PTDB-TUG/mic_F10_sx452.TextGrid,Female
../audioData/VAD_Kaggle/Data/Audio/Female/TMIT/SA1.wav,../audioData/VAD_Kaggle/Data/Annotation/Female/TMIT/SA1.TextGrid,Female
../audioData/VAD_Kaggle/Data/Audio/Female/TMIT/SA2.wav,../audioData/VAD_Kaggle/Data/Annotation/Female/TMIT/SA2.TextGrid,Female
../audioData/VAD_Kaggle/Data/Audio/Female/TMIT/SI1022.wav,../audioData/VAD_Kaggle/Data/Annotation/Female/TMIT/SI1022.TextGrid,Female
../audioData/VAD_Kaggle/Data/Audio/Female/TMIT/SI1027.wav,../audioData/VAD_Kaggle/Data/Annotation/Female/TMIT/SI1027.TextGrid,Female
../audioData/VAD_Kaggle/Data/Audio/Female/TMIT/SI1115.wav,../audioData/VAD_Kaggle/Data/Annotation/Female/TMIT/SI1115.TextGrid,Female
../audioData/VAD_Kaggle/Data/Audio/Female/TMIT/SI1117.wav,../audioData/VAD_Kaggle/Data/Annotation/Female/TMIT/SI1117.TextGrid,Female
../audioData/VAD_Kaggle/Data/Audio/Female/TMIT/SI1137.wav,../audioData/VAD_Kaggle/Data/Annotation/Female/TMIT/SI1137.TextGrid,Female
../audioData/VAD_Kaggle/Data/Audio/Female/TMIT/SI1148.wav,../audioData/VAD_Kaggle/Data/Annotation/Female/TMIT/SI1148.TextGrid,Female
../audioData/VAD_Kaggle/Data/Audio/Female/TMIT/SI1152.wav,../audioData/VAD_Kaggle/Data/Annotation/Female/TMIT/SI1152.TextGrid,Female
../audioData/VAD_Kaggle/Data/Audio/Female/TMIT/SI1160.wav,../audioData/VAD_Kaggle/Data/Annotation/Female/TMIT/SI1160.TextGrid,Female
../audioData/VAD_Kaggle/Data/Audio/Female/TMIT/SI1203.wav,../audioData/VAD_Kaggle/Data/Annotation/Female/TMIT/SI1203.TextGrid,Female
../audioData/VAD_Kaggle/Data/Audio/Female/TMIT/SI1208.wav,../audioData/VAD_Kaggle/Data/Annotation/Female/TMIT/SI1208.TextGrid,Female
../audioData/VAD_Kaggle/Data/Audio/Female/TMIT/SI1211.wav,../audioData/VAD_Kaggle/Data/Annotation/Female/TMIT/SI1211.TextGrid,Female
../audioData/VAD_Kaggle/Data/Audio/Female/TMIT/SI1241.wav,../audioData/VAD_Kaggle/Data/Annotation/Female/TMIT/SI1241.TextGrid,Female
../audioData/VAD_Kaggle/Data/Audio/Female/TMIT/SI1254.wav,../audioData/VAD_Kaggle/Data/Annotation/Female/TMIT/SI1254.TextGrid,Female
../audioData/VAD_Kaggle/Data/Audio/Female/TMIT/SI1290.wav,../audioData/VAD_Kaggle/Data/Annotation/Female/TMIT/SI1290.TextGrid,Female
../audioData/VAD_Kaggle/Data/Audio/Female/TMIT/SI1300.wav,../audioData/VAD_Kaggle/Data/Annotation/Female/TMIT/SI1300.TextGrid,Female
../audioData/VAD_Kaggle/Data/Audio/Female/TMIT/SI1329.wav,../audioData/VAD_Kaggle/Data/Annotation/Female/TMIT/SI1329.TextGrid,Female
../audioData/VAD_Kaggle/Data/Audio/Female/TMIT/SI1339.wav,../audioData/VAD_Kaggle/Data/Annotation/Female/TMIT/SI1339.TextGrid,Female
../audioData/VAD_Kaggle/Data/Audio/Female/TMIT/SI1344.wav,../audioData/VAD_Kaggle/Data/Annotation/Female/TMIT/SI1344.TextGrid,Female
../audioData/VAD_Kaggle/Data/Audio/Female/TMIT/SI1377.wav,../audioData/VAD_Kaggle/Data/Annotation/Female/TMIT/SI1377.TextGrid,Female
../audioData/VAD_Kaggle/Data/Audio/Female/TMIT/SI1389.wav,../audioData/VAD_Kaggle/Data/Annotation/Female/TMIT/SI1389.TextGrid,Female
../audioData/VAD_Kaggle/Data/Audio/Female/TMIT/SI1392.wav,../audioData/VAD_Kaggle/Data/Annotation/Female/TMIT/SI1392.TextGrid,Female
../audioData/VAD_Kaggle/Data/Audio/Female/TMIT/SI1438.wav,../audioData/VAD_Kaggle/Data/Annotation/Female/TMIT/SI1438.TextGrid,Female
../audioData/VAD_Kaggle/Data/Audio/Female/TMIT/SI1471.wav,../audioData/VAD_Kaggle/Data/Annotation/Female/TMIT/SI1471.TextGrid,Female
../audioData/VAD_Kaggle/Data/Audio/Female/TMIT/SI1503.wav,../audioData/VAD_Kaggle/Data/Annotation/Female/TMIT/SI1503.TextGrid,Female
../audioData/VAD_Kaggle/Data/Audio/Female/TMIT/SI1561.wav,../audioData/VAD_Kaggle/Data/Annotation/Female/TMIT/SI1561.TextGrid,Female
../audioData/VAD_Kaggle/Data/Audio/Female/TMIT/SI1590.wav,../audioData/VAD_Kaggle/Data/Annotation/Female/TMIT/SI1590.TextGrid,Female
../audioData/VAD_Kaggle/Data/Audio/Female/TMIT/SI1641.wav,../audioData/VAD_Kaggle/Data/Annotation/Female/TMIT/SI1641.TextGrid,Female
../audioData/VAD_Kaggle/Data/Audio/Female/TMIT/SI1652.wav,../audioData/VAD_Kaggle/Data/Annotation/Female/TMIT/SI1652.TextGrid,Female
../audioData/VAD_Kaggle/Data/Audio/Female/TMIT/SI1657.wav,../audioData/VAD_Kaggle/Data/Annotation/Female/TMIT/SI1657.TextGrid,Female
../audioData/VAD_Kaggle/Data/Audio/Female/TMIT/SI1745.wav,../audioData/VAD_Kaggle/Data/Annotation/Female/TMIT/SI1745.TextGrid,Female
../audioData/VAD_Kaggle/Data/Audio/Female/TMIT/SI1747.wav,../audioData/VAD_Kaggle/Data/Annotation/Female/TMIT/SI1747.TextGrid,Female
../audioData/VAD_Kaggle/Data/Audio/Female/TMIT/SI1767.wav,../audioData/VAD_Kaggle/Data/Annotation/Female/TMIT/SI1767.TextGrid,Female
../audioData/VAD_Kaggle/Data/Audio/Female/TMIT/SI1778.wav,../audioData/VAD_Kaggle/Data/Annotation/Female/TMIT/SI1778.TextGrid,Female
../audioData/VAD_Kaggle/Data/Audio/Female/TMIT/SI1782.wav,../audioData/VAD_Kaggle/Data/Annotation/Female/TMIT/SI1782.TextGrid,Female
../audioData/VAD_Kaggle/Data/Audio/Female/TMIT/SI1790.wav,../audioData/VAD_Kaggle/Data/Annotation/Female/TMIT/SI1790.TextGrid,Female
../audioData/VAD_Kaggle/Data/Audio/Female/TMIT/SI1827.wav,../audioData/VAD_Kaggle/Data/Annotation/Female/TMIT/SI1827.TextGrid,Female
../audioData/VAD_Kaggle/Data/Audio/Female/TMIT/SI1838.wav,../audioData/VAD_Kaggle/Data/Annotation/Female/TMIT/SI1838.TextGrid,Female
../audioData/VAD_Kaggle/Data/Audio/Female/TMIT/SI1871.wav,../audioData/VAD_Kaggle/Data/Annotation/Female/TMIT/SI1871.TextGrid,Female
../audioData/VAD_Kaggle/Data/Audio/Female/TMIT/SI1880.wav,../audioData/VAD_Kaggle/Data/Annotation/Female/TMIT/SI1880.TextGrid,Female
../audioData/VAD_Kaggle/Data/Audio/Female/TMIT/SI1884.wav,../audioData/VAD_Kaggle/Data/Annotation/Female/TMIT/SI1884.TextGrid,Female
../audioData/VAD_Kaggle/Data/Audio/Female/TMIT/SI1913.wav,../audioData/VAD_Kaggle/Data/Annotation/Female/TMIT/SI1913.TextGrid,Female
../audioData/VAD_Kaggle/Data/Audio/Female/TMIT/SI1920.wav,../audioData/VAD_Kaggle/Data/Annotation/Female/TMIT/SI1920.TextGrid,Female
../audioData/VAD_Kaggle/Data/Audio/Female/TMIT/SI1930.wav,../audioData/VAD_Kaggle/Data/Annotation/Female/TMIT/SI1930.TextGrid,Female
../audioData/VAD_Kaggle/Data/Audio/Female/TMIT/SI1971.wav,../audioData/VAD_Kaggle/Data/Annotation/Female/TMIT/SI1971.TextGrid,Female
../audioData/VAD_Kaggle/Data/Audio/Female/TMIT/SI1974.wav,../audioData/VAD_Kaggle/Data/Annotation/Female/TMIT/SI1974.TextGrid,Female
../audioData/VAD_Kaggle/Data/Audio/Female/TMIT/SI1990.wav,../audioData/VAD_Kaggle/Data/Annotation/Female/TMIT/SI1990.TextGrid,Female
../audioData/VAD_Kaggle/Data/Audio/Female/TMIT/SI2007.wav,../audioData/VAD_Kaggle/Data/Annotation/Female/TMIT/SI2007.TextGrid,Female
../audioData/VAD_Kaggle/Data/Audio/Female/TMIT/SI2019.wav,../audioData/VAD_Kaggle/Data/Annotation/Female/TMIT/SI2019.TextGrid,Female
../audioData/VAD_Kaggle/Data/Audio/Female/TMIT/SI2022.wav,../audioData/VAD_Kaggle/Data/Annotation/Female/TMIT/SI2022.TextGrid,Female
../audioData/VAD_Kaggle/Data/Audio/Female/TMIT/SI2053.wav,../audioData/VAD_Kaggle/Data/Annotation/Female/TMIT/SI2053.TextGrid,Female
../audioData/VAD_Kaggle/Data/Audio/Female/TMIT/SI2068.wav,../audioData/VAD_Kaggle/Data/Annotation/Female/TMIT/SI2068.TextGrid,Female
../audioData/VAD_Kaggle/Data/Audio/Female/TMIT/SI2133.wav,../audioData/VAD_Kaggle/Data/Annotation/Female/TMIT/SI2133.TextGrid,Female
../audioData/VAD_Kaggle/Data/Audio/Female/TMIT/SI2161.wav,../audioData/VAD_Kaggle/Data/Annotation/Female/TMIT/SI2161.TextGrid,Female
../audioData/VAD_Kaggle/Data/Audio/Female/TMIT/SI2191.wav,../audioData/VAD_Kaggle/Data/Annotation/Female/TMIT/SI2191.TextGrid,Female
../audioData/VAD_Kaggle/Data/Audio/Female/TMIT/SI2220.wav,../audioData/VAD_Kaggle/Data/Annotation/Female/TMIT/SI2220.TextGrid,Female
../audioData/VAD_Kaggle/Data/Audio/Female/TMIT/SI2264.wav,../audioData/VAD_Kaggle/Data/Annotation/Female/TMIT/SI2264.TextGrid,Female
../audioData/VAD_Kaggle/Data/Audio/Female/TMIT/SI2282.wav,../audioData/VAD_Kaggle/Data/Annotation/Female/TMIT/SI2282.TextGrid,Female
../audioData/VAD_Kaggle/Data/Audio/Female/TMIT/SI474.wav,../audioData/VAD_Kaggle/Data/Annotation/Female/TMIT/SI474.TextGrid,Female
../audioData/VAD_Kaggle/Data/Audio/Female/TMIT/SI485.wav,../audioData/VAD_Kaggle/Data/Annotation/Female/TMIT/SI485.TextGrid,Female
../audioData/VAD_Kaggle/Data/Audio/Female/TMIT/SI487.wav,../audioData/VAD_Kaggle/Data/Annotation/Female/TMIT/SI487.TextGrid,Female
../audioData/VAD_Kaggle/Data/Audio/Female/TMIT/SI507.wav,../audioData/VAD_Kaggle/Data/Annotation/Female/TMIT/SI507.TextGrid,Female
../audioData/VAD_Kaggle/Data/Audio/Female/TMIT/SI518.wav,../audioData/VAD_Kaggle/Data/Annotation/Female/TMIT/SI518.TextGrid,Female
../audioData/VAD_Kaggle/Data/Audio/Female/TMIT/SI573.wav,../audioData/VAD_Kaggle/Data/Annotation/Female/TMIT/SI573.TextGrid,Female
../audioData/VAD_Kaggle/Data/Audio/Female/TMIT/SI578.wav,../audioData/VAD_Kaggle/Data/Annotation/Female/TMIT/SI578.TextGrid,Female
../audioData/VAD_Kaggle/Data/Audio/Female/TMIT/SI581.wav,../audioData/VAD_Kaggle/Data/Annotation/Female/TMIT/SI581.TextGrid,Female
../audioData/VAD_Kaggle/Data/Audio/Female/TMIT/SI611.wav,../audioData/VAD_Kaggle/Data/Annotation/Female/TMIT/SI611.TextGrid,Female
../audioData/VAD_Kaggle/Data/Audio/Female/TMIT/SI620.wav,../audioData/VAD_Kaggle/Data/Annotation/Female/TMIT/SI620.TextGrid,Female
../audioData/VAD_Kaggle/Data/Audio/Female/TMIT/SI624.wav,../audioData/VAD_Kaggle/Data/Annotation/Female/TMIT/SI624.TextGrid,Female
../audioData/VAD_Kaggle/Data/Audio/Female/TMIT/SI648.wav,../audioData/VAD_Kaggle/Data/Annotation/Female/TMIT/SI648.TextGrid,Female
../audioData/VAD_Kaggle/Data/Audio/Female/TMIT/SI660.wav,../audioData/VAD_Kaggle/Data/Annotation/Female/TMIT/SI660.TextGrid,Female
../audioData/VAD_Kaggle/Data/Audio/Female/TMIT/SI670.wav,../audioData/VAD_Kaggle/Data/Annotation/Female/TMIT/SI670.TextGrid,Female
../audioData/VAD_Kaggle/Data/Audio/Female/TMIT/SI679.wav,../audioData/VAD_Kaggle/Data/Annotation/Female/TMIT/SI679.TextGrid,Female
../audioData/VAD_Kaggle/Data/Audio/Female/TMIT/SI686.wav,../audioData/VAD_Kaggle/Data/Annotation/Female/TMIT/SI686.TextGrid,Female
../audioData/VAD_Kaggle/Data/Audio/Female/TMIT/SI699.wav,../audioData/VAD_Kaggle/Data/Annotation/Female/TMIT/SI699.TextGrid,Female
../audioData/VAD_Kaggle/Data/Audio/Female/TMIT/SI747.wav,../audioData/VAD_Kaggle/Data/Annotation/Female/TMIT/SI747.TextGrid,Female
../audioData/VAD_Kaggle/Data/Audio/Female/TMIT/SI759.wav,../audioData/VAD_Kaggle/Data/Annotation/Female/TMIT/SI759.TextGrid,Female
../audioData/VAD_Kaggle/Data/Audio/Female/TMIT/SI762.wav,../audioData/VAD_Kaggle/Data/Annotation/Female/TMIT/SI762.TextGrid,Female
../audioData/VAD_Kaggle/Data/Audio/Female/TMIT/SI793.wav,../audioData/VAD_Kaggle/Data/Annotation/Female/TMIT/SI793.TextGrid,Female
../audioData/VAD_Kaggle/Data/Audio/Female/TMIT/SI808.wav,../audioData/VAD_Kaggle/Data/Annotation/Female/TMIT/SI808.TextGrid,Female
../audioData/VAD_Kaggle/Data/Audio/Female/TMIT/SI841.wav,../audioData/VAD_Kaggle/Data/Annotation/Female/TMIT/SI841.TextGrid,Female
../audioData/VAD_Kaggle/Data/Audio/Female/TMIT/SI901.wav,../audioData/VAD_Kaggle/Data/Annotation/Female/TMIT/SI901.TextGrid,Female
../audioData/VAD_Kaggle/Data/Audio/Female/TMIT/SI931.wav,../audioData/VAD_Kaggle/Data/Annotation/Female/TMIT/SI931.TextGrid,Female
../audioData/VAD_Kaggle/Data/Audio/Female/TMIT/SI960.wav,../audioData/VAD_Kaggle/Data/Annotation/Female/TMIT/SI960.TextGrid,Female
../audioData/VAD_Kaggle/Data/Audio/Female/TMIT/SX116.wav,../audioData/VAD_Kaggle/Data/Annotation/Female/TMIT/SX116.TextGrid,Female
../audioData/VAD_Kaggle/Data/Audio/Female/TMIT/SX117.wav,../audioData/VAD_Kaggle/Data/Annotation/Female/TMIT/SX117.TextGrid,Female
../audioData/VAD_Kaggle/Data/Audio/Female/TMIT/SX120.wav,../audioData/VAD_Kaggle/Data/Annotation/Female/TMIT/SX120.TextGrid,Female
../audioData/VAD_Kaggle/Data/Audio/Female/TMIT/SX121.wav,../audioData/VAD_Kaggle/Data/Annotation/Female/TMIT/SX121.TextGrid,Female
../audioData/VAD_Kaggle/Data/Audio/Female/TMIT/SX122.wav,../audioData/VAD_Kaggle/Data/Annotation/Female/TMIT/SX122.TextGrid,Female
../audioData/VAD_Kaggle/Data/Audio/Female/TMIT/SX123.wav,../audioData/VAD_Kaggle/Data/Annotation/Female/TMIT/SX123.TextGrid,Female
../audioData/VAD_Kaggle/Data/Audio/Female/TMIT/SX125.wav,../audioData/VAD_Kaggle/Data/Annotation/Female/TMIT/SX125.TextGrid,Female
../audioData/VAD_Kaggle/Data/Audio/Female/TMIT/SX127.wav,../audioData/VAD_Kaggle/Data/Annotation/Female/TMIT/SX127.TextGrid,Female
../audioData/VAD_Kaggle/Data/Audio/Female/TMIT/SX128.wav,../audioData/VAD_Kaggle/Data/Annotation/Female/TMIT/SX128.TextGrid,Female
../audioData/VAD_Kaggle/Data/Audio/Female/TMIT/SX129.wav,../audioData/VAD_Kaggle/Data/Annotation/Female/TMIT/SX129.TextGrid,Female
../audioData/VAD_Kaggle/Data/Audio/Female/TMIT/SX130.wav,../audioData/VAD_Kaggle/Data/Annotation/Female/TMIT/SX130.TextGrid,Female
../audioData/VAD_Kaggle/Data/Audio/Female/TMIT/SX131.wav,../audioData/VAD_Kaggle/Data/Annotation/Female/TMIT/SX131.TextGrid,Female
../audioData/VAD_Kaggle/Data/Audio/Female/TMIT/SX132.wav,../audioData/VAD_Kaggle/Data/Annotation/Female/TMIT/SX132.TextGrid,Female
../audioData/VAD_Kaggle/Data/Audio/Female/TMIT/SX147.wav,../audioData/VAD_Kaggle/Data/Annotation/Female/TMIT/SX147.TextGrid,Female
../audioData/VAD_Kaggle/Data/Audio/Female/TMIT/SX150.wav,../audioData/VAD_Kaggle/Data/Annotation/Female/TMIT/SX150.TextGrid,Female
../audioData/VAD_Kaggle/Data/Audio/Female/TMIT/SX153.wav,../audioData/VAD_Kaggle/Data/Annotation/Female/TMIT/SX153.TextGrid,Female
../audioData/VAD_Kaggle/Data/Audio/Female/TMIT/SX158.wav,../audioData/VAD_Kaggle/Data/Annotation/Female/TMIT/SX158.TextGrid,Female
../audioData/VAD_Kaggle/Data/Audio/Female/TMIT/SX159.wav,../audioData/VAD_Kaggle/Data/Annotation/Female/TMIT/SX159.TextGrid,Female
../audioData/VAD_Kaggle/Data/Audio/Female/TMIT/SX161.wav,../audioData/VAD_Kaggle/Data/Annotation/Female/TMIT/SX161.TextGrid,Female
../audioData/VAD_Kaggle/Data/Audio/Female/TMIT/SX162.wav,../audioData/VAD_Kaggle/Data/Annotation/Female/TMIT/SX162.TextGrid,Female
../audioData/VAD_Kaggle/Data/Audio/Female/TMIT/SX163.wav,../audioData/VAD_Kaggle/Data/Annotation/Female/TMIT/SX163.TextGrid,Female
../audioData/VAD_Kaggle/Data/Audio/Female/TMIT/SX174.wav,../audioData/VAD_Kaggle/Data/Annotation/Female/TMIT/SX174.TextGrid,Female
../audioData/VAD_Kaggle/Data/Audio/Female/TMIT/SX178.wav,../audioData/VAD_Kaggle/Data/Annotation/Female/TMIT/SX178.TextGrid,Female
../audioData/VAD_Kaggle/Data/Audio/Female/TMIT/SX181.wav,../audioData/VAD_Kaggle/Data/Annotation/Female/TMIT/SX181.TextGrid,Female
../audioData/VAD_Kaggle/Data/Audio/Female/TMIT/SX207.wav,../audioData/VAD_Kaggle/Data/Annotation/Female/TMIT/SX207.TextGrid,Female
../audioData/VAD_Kaggle/Data/Audio/Female/TMIT/SX210.wav,../audioData/VAD_Kaggle/Data/Annotation/Female/TMIT/SX210.TextGrid,Female
../audioData/VAD_Kaggle/Data/Audio/Female/TMIT/SX211.wav,../audioData/VAD_Kaggle/Data/Annotation/Female/TMIT/SX211.TextGrid,Female
../audioData/VAD_Kaggle/Data/Audio/Female/TMIT/SX212.wav,../audioData/VAD_Kaggle/Data/Annotation/Female/TMIT/SX212.TextGrid,Female
../audioData/VAD_Kaggle/Data/Audio/Female/TMIT/SX213.wav,../audioData/VAD_Kaggle/Data/Annotation/Female/TMIT/SX213.TextGrid,Female
../audioData/VAD_Kaggle/Data/Audio/Female/TMIT/SX215.wav,../audioData/VAD_Kaggle/Data/Annotation/Female/TMIT/SX215.TextGrid,Female
../audioData/VAD_Kaggle/Data/Audio/Female/TMIT/SX217.wav,../audioData/VAD_Kaggle/Data/Annotation/Female/TMIT/SX217.TextGrid,Female
../audioData/VAD_Kaggle/Data/Audio/Female/TMIT/SX219.wav,../audioData/VAD_Kaggle/Data/Annotation/Female/TMIT/SX219.TextGrid,Female
../audioData/VAD_Kaggle/Data/Audio/Female/TMIT/SX220.wav,../audioData/VAD_Kaggle/Data/Annotation/Female/TMIT/SX220.TextGrid,Female
../audioData/VAD_Kaggle/Data/Audio/Female/TMIT/SX221.wav,../audioData/VAD_Kaggle/Data/Annotation/Female/TMIT/SX221.TextGrid,Female
../audioData/VAD_Kaggle/Data/Audio/Female/TMIT/SX222.wav,../audioData/VAD_Kaggle/Data/Annotation/Female/TMIT/SX222.TextGrid,Female
../audioData/VAD_Kaggle/Data/Audio/Female/TMIT/SX237.wav,../audioData/VAD_Kaggle/Data/Annotation/Female/TMIT/SX237.TextGrid,Female
../audioData/VAD_Kaggle/Data/Audio/Female/TMIT/SX240.wav,../audioData/VAD_Kaggle/Data/Annotation/Female/TMIT/SX240.TextGrid,Female
../audioData/VAD_Kaggle/Data/Audio/Female/TMIT/SX243.wav,../audioData/VAD_Kaggle/Data/Annotation/Female/TMIT/SX243.TextGrid,Female
../audioData/VAD_Kaggle/Data/Audio/Female/TMIT/SX248.wav,../audioData/VAD_Kaggle/Data/Annotation/Female/TMIT/SX248.TextGrid,Female
../audioData/VAD_Kaggle/Data/Audio/Female/TMIT/SX249.wav,../audioData/VAD_Kaggle/Data/Annotation/Female/TMIT/SX249.TextGrid,Female
../audioData/VAD_Kaggle/Data/Audio/Female/TMIT/SX251.wav,../audioData/VAD_Kaggle/Data/Annotation/Female/TMIT/SX251.TextGrid,Female
../audioData/VAD_Kaggle/Data/Audio/Female/TMIT/SX252.wav,../audioData/VAD_Kaggle/Data/Annotation/Female/TMIT/SX252.TextGrid,Female
../audioData/VAD_Kaggle/Data/Audio/Female/TMIT/SX253.wav,../audioData/VAD_Kaggle/Data/Annotation/Female/TMIT/SX253.TextGrid,Female
../audioData/VAD_Kaggle/Data/Audio/Female/TMIT/SX260.wav,../audioData/VAD_Kaggle/Data/Annotation/Female/TMIT/SX260.TextGrid,Female
../audioData/VAD_Kaggle/Data/Audio/Female/TMIT/SX264.wav,../audioData/VAD_Kaggle/Data/Annotation/Female/TMIT/SX264.TextGrid,Female
../audioData/VAD_Kaggle/Data/Audio/Female/TMIT/SX268.wav,../audioData/VAD_Kaggle/Data/Annotation/Female/TMIT/SX268.TextGrid,Female
../audioData/VAD_Kaggle/Data/Audio/Female/TMIT/SX271.wav,../audioData/VAD_Kaggle/Data/Annotation/Female/TMIT/SX271.TextGrid,Female
../audioData/VAD_Kaggle/Data/Audio/Female/TMIT/SX277.wav,../audioData/VAD_Kaggle/Data/Annotation/Female/TMIT/SX277.TextGrid,Female
../audioData/VAD_Kaggle/Data/Audio/Female/TMIT/SX297.wav,../audioData/VAD_Kaggle/Data/Annotation/Female/TMIT/SX297.TextGrid,Female
../audioData/VAD_Kaggle/Data/Audio/Female/TMIT/SX3.wav,../audioData/VAD_Kaggle/Data/Annotation/Female/TMIT/SX3.TextGrid,Female
../audioData/VAD_Kaggle/Data/Audio/Female/TMIT/SX30.wav,../audioData/VAD_Kaggle/Data/Annotation/Female/TMIT/SX30.TextGrid,Female
../audioData/VAD_Kaggle/Data/Audio/Female/TMIT/SX300.wav,../audioData/VAD_Kaggle/Data/Annotation/Female/TMIT/SX300.TextGrid,Female
../audioData/VAD_Kaggle/Data/Audio/Female/TMIT/SX301.wav,../audioData/VAD_Kaggle/Data/Annotation/Female/TMIT/SX301.TextGrid,Female
../audioData/VAD_Kaggle/Data/Audio/Female/TMIT/SX302.wav,../audioData/VAD_Kaggle/Data/Annotation/Female/TMIT/SX302.TextGrid,Female
../audioData/VAD_Kaggle/Data/Audio/Female/TMIT/SX303.wav,../audioData/VAD_Kaggle/Data/Annotation/Female/TMIT/SX303.TextGrid,Female
../audioData/VAD_Kaggle/Data/Audio/Female/TMIT/SX305.wav,../audioData/VAD_Kaggle/Data/Annotation/Female/TMIT/SX305.TextGrid,Female
../audioData/VAD_Kaggle/Data/Audio/Female/TMIT/SX307.wav,../audioData/VAD_Kaggle/Data/Annotation/Female/TMIT/SX307.TextGrid,Female
../audioData/VAD_Kaggle/Data/Audio/Female/TMIT/SX308.wav,../audioData/VAD_Kaggle/Data/Annotation/Female/TMIT/SX308.TextGrid,Female
../audioData/VAD_Kaggle/Data/Audio/Female/TMIT/SX309.wav,../audioData/VAD_Kaggle/Data/Annotation/Female/TMIT/SX309.TextGrid,Female
../audioData/VAD_Kaggle/Data/Audio/Female/TMIT/SX31.wav,../audioData/VAD_Kaggle/Data/Annotation/Female/TMIT/SX31.TextGrid,Female
../audioData/VAD_Kaggle/Data/Audio/Female/TMIT/SX310.wav,../audioData/VAD_Kaggle/Data/Annotation/Female/TMIT/SX310.TextGrid,Female
../audioData/VAD_Kaggle/Data/Audio/Female/TMIT/SX311.wav,../audioData/VAD_Kaggle/Data/Annotation/Female/TMIT/SX311.TextGrid,Female
../audioData/VAD_Kaggle/Data/Audio/Female/TMIT/SX312.wav,../audioData/VAD_Kaggle/Data/Annotation/Female/TMIT/SX312.TextGrid,Female
../audioData/VAD_Kaggle/Data/Audio/Female/TMIT/SX32.wav,../audioData/VAD_Kaggle/Data/Annotation/Female/TMIT/SX32.TextGrid,Female
../audioData/VAD_Kaggle/Data/Audio/Female/TMIT/SX321.wav,../audioData/VAD_Kaggle/Data/Annotation/Female/TMIT/SX321.TextGrid,Female
../audioData/VAD_Kaggle/Data/Audio/Female/TMIT/SX33.wav,../audioData/VAD_Kaggle/Data/Annotation/Female/TMIT/SX33.TextGrid,Female
../audioData/VAD_Kaggle/Data/Audio/Female/TMIT/SX330.wav,../audioData/VAD_Kaggle/Data/Annotation/Female/TMIT/SX330.TextGrid,Female
../audioData/VAD_Kaggle/Data/Audio/Female/TMIT/SX333.wav,../audioData/VAD_Kaggle/Data/Annotation/Female/TMIT/SX333.TextGrid,Female
../audioData/VAD_Kaggle/Data/Audio/Female/TMIT/SX338.wav,../audioData/VAD_Kaggle/Data/Annotation/Female/TMIT/SX338.TextGrid,Female
../audioData/VAD_Kaggle/Data/Audio/Female/TMIT/SX339.wav,../audioData/VAD_Kaggle/Data/Annotation/Female/TMIT/SX339.TextGrid,Female
../audioData/VAD_Kaggle/Data/Audio/Female/TMIT/SX341.wav,../audioData/VAD_Kaggle/Data/Annotation/Female/TMIT/SX341.TextGrid,Female
../audioData/VAD_Kaggle/Data/Audio/Female/TMIT/SX342.wav,../audioData/VAD_Kaggle/Data/Annotation/Female/TMIT/SX342.TextGrid,Female
../audioData/VAD_Kaggle/Data/Audio/Female/TMIT/SX343.wav,../audioData/VAD_Kaggle/Data/Annotation/Female/TMIT/SX343.TextGrid,Female
../audioData/VAD_Kaggle/Data/Audio/Female/TMIT/SX35.wav,../audioData/VAD_Kaggle/Data/Annotation/Female/TMIT/SX35.TextGrid,Female
../audioData/VAD_Kaggle/Data/Audio/Female/TMIT/SX350.wav,../audioData/VAD_Kaggle/Data/Annotation/Female/TMIT/SX350.TextGrid,Female
../audioData/VAD_Kaggle/Data/Audio/Female/TMIT/SX354.wav,../audioData/VAD_Kaggle/Data/Annotation/Female/TMIT/SX354.TextGrid,Female
../audioData/VAD_Kaggle/Data/Audio/Female/TMIT/SX358.wav,../audioData/VAD_Kaggle/Data/Annotation/Female/TMIT/SX358.TextGrid,Female
../audioData/VAD_Kaggle/Data/Audio/Female/TMIT/SX361.wav,../audioData/VAD_Kaggle/Data/Annotation/Female/TMIT/SX361.TextGrid,Female
../audioData/VAD_Kaggle/Data/Audio/Female/TMIT/SX366.wav,../audioData/VAD_Kaggle/Data/Annotation/Female/TMIT/SX366.TextGrid,Female
../audioData/VAD_Kaggle/Data/Audio/Female/TMIT/SX37.wav,../audioData/VAD_Kaggle/Data/Annotation/Female/TMIT/SX37.TextGrid,Female
../audioData/VAD_Kaggle/Data/Audio/Female/TMIT/SX38.wav,../audioData/VAD_Kaggle/Data/Annotation/Female/TMIT/SX38.TextGrid,Female
../audioData/VAD_Kaggle/Data/Audio/Female/TMIT/SX387.wav,../audioData/VAD_Kaggle/Data/Annotation/Female/TMIT/SX387.TextGrid,Female
../audioData/VAD_Kaggle/Data/Audio/Female/TMIT/SX39.wav,../audioData/VAD_Kaggle/Data/Annotation/Female/TMIT/SX39.TextGrid,Female
../audioData/VAD_Kaggle/Data/Audio/Female/TMIT/SX390.wav,../audioData/VAD_Kaggle/Data/Annotation/Female/TMIT/SX390.TextGrid,Female
../audioData/VAD_Kaggle/Data/Audio/Female/TMIT/SX391.wav,../audioData/VAD_Kaggle/Data/Annotation/Female/TMIT/SX391.TextGrid,Female
../audioData/VAD_Kaggle/Data/Audio/Female/TMIT/SX392.wav,../audioData/VAD_Kaggle/Data/Annotation/Female/TMIT/SX392.TextGrid,Female
../audioData/VAD_Kaggle/Data/Audio/Female/TMIT/SX393.wav,../audioData/VAD_Kaggle/Data/Annotation/Female/TMIT/SX393.TextGrid,Female
../audioData/VAD_Kaggle/Data/Audio/Female/TMIT/SX395.wav,../audioData/VAD_Kaggle/Data/Annotation/Female/TMIT/SX395.TextGrid,Female
../audioData/VAD_Kaggle/Data/Audio/Female/TMIT/SX397.wav,../audioData/VAD_Kaggle/Data/Annotation/Female/TMIT/SX397.TextGrid,Female
../audioData/VAD_Kaggle/Data/Audio/Female/TMIT/SX398.wav,../audioData/VAD_Kaggle/Data/Annotation/Female/TMIT/SX398.TextGrid,Female
../audioData/VAD_Kaggle/Data/Audio/Female/TMIT/SX399.wav,../audioData/VAD_Kaggle/Data/Annotation/Female/TMIT/SX399.TextGrid,Female
../audioData/VAD_Kaggle/Data/Audio/Female/TMIT/SX40.wav,../audioData/VAD_Kaggle/Data/Annotation/Female/TMIT/SX40.TextGrid,Female
../audioData/VAD_Kaggle/Data/Audio/Female/TMIT/SX400.wav,../audioData/VAD_Kaggle/Data/Annotation/Female/TMIT/SX400.TextGrid,Female
../audioData/VAD_Kaggle/Data/Audio/Female/TMIT/SX401.wav,../audioData/VAD_Kaggle/Data/Annotation/Female/TMIT/SX401.TextGrid,Female
../audioData/VAD_Kaggle/Data/Audio/Female/TMIT/SX402.wav,../audioData/VAD_Kaggle/Data/Annotation/Female/TMIT/SX402.TextGrid,Female
../audioData/VAD_Kaggle/Data/Audio/Female/TMIT/SX41.wav,../audioData/VAD_Kaggle/Data/Annotation/Female/TMIT/SX41.TextGrid,Female
../audioData/VAD_Kaggle/Data/Audio/Female/TMIT/SX417.wav,../audioData/VAD_Kaggle/Data/Annotation/Female/TMIT/SX417.TextGrid,Female
../audioData/VAD_Kaggle/Data/Audio/Female/TMIT/SX42.wav,../audioData/VAD_Kaggle/Data/Annotation/Female/TMIT/SX42.TextGrid,Female
../audioData/VAD_Kaggle/Data/Audio/Female/TMIT/SX423.wav,../audioData/VAD_Kaggle/Data/Annotation/Female/TMIT/SX423.TextGrid,Female
../audioData/VAD_Kaggle/Data/Audio/Female/TMIT/SX428.wav,../audioData/VAD_Kaggle/Data/Annotation/Female/TMIT/SX428.TextGrid,Female
../audioData/VAD_Kaggle/Data/Audio/Female/TMIT/SX429.wav,../audioData/VAD_Kaggle/Data/Annotation/Female/TMIT/SX429.TextGrid,Female
../audioData/VAD_Kaggle/Data/Audio/Female/TMIT/SX431.wav,../audioData/VAD_Kaggle/Data/Annotation/Female/TMIT/SX431.TextGrid,Female
../audioData/VAD_Kaggle/Data/Audio/Female/TMIT/SX432.wav,../audioData/VAD_Kaggle/Data/Annotation/Female/TMIT/SX432.TextGrid,Female
../audioData/VAD_Kaggle/Data/Audio/Female/TMIT/SX433.wav,../audioData/VAD_Kaggle/Data/Annotation/Female/TMIT/SX433.TextGrid,Female
../audioData/VAD_Kaggle/Data/Audio/Female/TMIT/SX440.wav,../audioData/VAD_Kaggle/Data/Annotation/Female/TMIT/SX440.TextGrid,Female
../audioData/VAD_Kaggle/Data/Audio/Female/TMIT/SX444.wav,../audioData/VAD_Kaggle/Data/Annotation/Female/TMIT/SX444.TextGrid,Female
../audioData/VAD_Kaggle/Data/Audio/Female/TMIT/SX448.wav,../audioData/VAD_Kaggle/Data/Annotation/Female/TMIT/SX448.TextGrid,Female
../audioData/VAD_Kaggle/Data/Audio/Female/TMIT/SX451.wav,../audioData/VAD_Kaggle/Data/Annotation/Female/TMIT/SX451.TextGrid,Female
../audioData/VAD_Kaggle/Data/Audio/Female/TMIT/SX57.wav,../audioData/VAD_Kaggle/Data/Annotation/Female/TMIT/SX57.TextGrid,Female
../audioData/VAD_Kaggle/Data/Audio/Female/TMIT/SX60.wav,../audioData/VAD_Kaggle/Data/Annotation/Female/TMIT/SX60.TextGrid,Female
../audioData/VAD_Kaggle/Data/Audio/Female/TMIT/SX63.wav,../audioData/VAD_Kaggle/Data/Annotation/Female/TMIT/SX63.TextGrid,Female
../audioData/VAD_Kaggle/Data/Audio/Female/TMIT/SX68.wav,../audioData/VAD_Kaggle/Data/Annotation/Female/TMIT/SX68.TextGrid,Female
../audioData/VAD_Kaggle/Data/Audio/Female/TMIT/SX69.wav,../audioData/VAD_Kaggle/Data/Annotation/Female/TMIT/SX69.TextGrid,Female
../audioData/VAD_Kaggle/Data/Audio/Female/TMIT/SX71.wav,../audioData/VAD_Kaggle/Data/Annotation/Female/TMIT/SX71.TextGrid,Female
../audioData/VAD_Kaggle/Data/Audio/Female/TMIT/SX72.wav,../audioData/VAD_Kaggle/Data/Annotation/Female/TMIT/SX72.TextGrid,Female
../audioData/VAD_Kaggle/Data/Audio/Female/TMIT/SX73.wav,../audioData/VAD_Kaggle/Data/Annotation/Female/TMIT/SX73.TextGrid,Female
../audioData/VAD_Kaggle/Data/Audio/Female/TMIT/SX80.wav,../audioData/VAD_Kaggle/Data/Annotation/Female/TMIT/SX80.TextGrid,Female
../audioData/VAD_Kaggle/Data/Audio/Female/TMIT/SX84.wav,../audioData/VAD_Kaggle/Data/Annotation/Female/TMIT/SX84.TextGrid,Female
../audioData/VAD_Kaggle/Data/Audio/Female/TMIT/SX88.wav,../audioData/VAD_Kaggle/Data/Annotation/Female/TMIT/SX88.TextGrid,Female
../audioData/VAD_Kaggle/Data/Audio/Female/TMIT/SX91.wav,../audioData/VAD_Kaggle/Data/Annotation/Female/TMIT/SX91.TextGrid,Female
../audioData/VAD_Kaggle/Data/Audio/Male/PTDB-TUG/mic_M01_sa1.wav,../audioData/VAD_Kaggle/Data/Annotation/Male/PTDB-TUG/mic_M01_sa1.TextGrid,Male
../audioData/VAD_Kaggle/Data/Audio/Male/PTDB-TUG/mic_M01_si459.wav,../audioData/VAD_Kaggle/Data/Annotation/Male/PTDB-TUG/mic_M01_si459.TextGrid,Male
../audioData/VAD_Kaggle/Data/Audio/Male/PTDB-TUG/mic_M01_si477.wav,../audioData/VAD_Kaggle/Data/Annotation/Male/PTDB-TUG/mic_M01_si477.TextGrid,Male
../audioData/VAD_Kaggle/Data/Audio/Male/PTDB-TUG/mic_M01_si502.wav,../audioData/VAD_Kaggle/Data/Annotation/Male/PTDB-TUG/mic_M01_si502.TextGrid,Male
../audioData/VAD_Kaggle/Data/Audio/Male/PTDB-TUG/mic_M01_si518.wav,../audioData/VAD_Kaggle/Data/Annotation/Male/PTDB-TUG/mic_M01_si518.TextGrid,Male
../audioData/VAD_Kaggle/Data/Audio/Male/PTDB-TUG/mic_M01_si573.wav,../audioData/VAD_Kaggle/Data/Annotation/Male/PTDB-TUG/mic_M01_si573.TextGrid,Male
../audioData/VAD_Kaggle/Data/Audio/Male/PTDB-TUG/mic_M01_si587.wav,../audioData/VAD_Kaggle/Data/Annotation/Male/PTDB-TUG/mic_M01_si587.TextGrid,Male
../audioData/VAD_Kaggle/Data/Audio/Male/PTDB-TUG/mic_M01_si615.wav,../audioData/VAD_Kaggle/Data/Annotation/Male/PTDB-TUG/mic_M01_si615.TextGrid,Male
../audioData/VAD_Kaggle/Data/Audio/Male/PTDB-TUG/mic_M01_si635.wav,../audioData/VAD_Kaggle/Data/Annotation/Male/PTDB-TUG/mic_M01_si635.TextGrid,Male
../audioData/VAD_Kaggle/Data/Audio/Male/PTDB-TUG/mic_M01_sx43.wav,../audioData/VAD_Kaggle/Data/Annotation/Male/PTDB-TUG/mic_M01_sx43.TextGrid,Male
../audioData/VAD_Kaggle/Data/Audio/Male/PTDB-TUG/mic_M01_sx5.wav,../audioData/VAD_Kaggle/Data/Annotation/Male/PTDB-TUG/mic_M01_sx5.TextGrid,Male
../audioData/VAD_Kaggle/Data/Audio/Male/PTDB-TUG/mic_M01_sx8.wav,../audioData/VAD_Kaggle/Data/Annotation/Male/PTDB-TUG/mic_M01_sx8.TextGrid,Male
../audioData/VAD_Kaggle/Data/Audio/Male/PTDB-TUG/mic_M02_si645.wav,../audioData/VAD_Kaggle/Data/Annotation/Male/PTDB-TUG/mic_M02_si645.TextGrid,Male
../audioData/VAD_Kaggle/Data/Audio/Male/PTDB-TUG/mic_M02_si673.wav,../audioData/VAD_Kaggle/Data/Annotation/Male/PTDB-TUG/mic_M02_si673.TextGrid,Male
../audioData/VAD_Kaggle/Data/Audio/Male/PTDB-TUG/mic_M02_si695.wav,../audioData/VAD_Kaggle/Data/Annotation/Male/PTDB-TUG/mic_M02_si695.TextGrid,Male
../audioData/VAD_Kaggle/Data/Audio/Male/PTDB-TUG/mic_M02_si704.wav,../audioData/VAD_Kaggle/Data/Annotation/Male/PTDB-TUG/mic_M02_si704.TextGrid,Male
../audioData/VAD_Kaggle/Data/Audio/Male/PTDB-TUG/mic_M02_si721.wav,../audioData/VAD_Kaggle/Data/Annotation/Male/PTDB-TUG/mic_M02_si721.TextGrid,Male
../audioData/VAD_Kaggle/Data/Audio/Male/PTDB-TUG/mic_M02_si758.wav,../audioData/VAD_Kaggle/Data/Annotation/Male/PTDB-TUG/mic_M02_si758.TextGrid,Male
../audioData/VAD_Kaggle/Data/Audio/Male/PTDB-TUG/mic_M02_si792.wav,../audioData/VAD_Kaggle/Data/Annotation/Male/PTDB-TUG/mic_M02_si792.TextGrid,Male
../audioData/VAD_Kaggle/Data/Audio/Male/PTDB-TUG/mic_M02_si800.wav,../audioData/VAD_Kaggle/Data/Annotation/Male/PTDB-TUG/mic_M02_si800.TextGrid,Male
../audioData/VAD_Kaggle/Data/Audio/Male/PTDB-TUG/mic_M02_si801.wav,../audioData/VAD_Kaggle/Data/Annotation/Male/PTDB-TUG/mic_M02_si801.TextGrid,Male
../audioData/VAD_Kaggle/Data/Audio/Male/PTDB-TUG/mic_M02_si810.wav,../audioData/VAD_Kaggle/Data/Annotation/Male/PTDB-TUG/mic_M02_si810.TextGrid,Male
../audioData/VAD_Kaggle/Data/Audio/Male/PTDB-TUG/mic_M02_si826.wav,../audioData/VAD_Kaggle/Data/Annotation/Male/PTDB-TUG/mic_M02_si826.TextGrid,Male
../audioData/VAD_Kaggle/Data/Audio/Male/PTDB-TUG/mic_M02_sx78.wav,../audioData/VAD_Kaggle/Data/Annotation/Male/PTDB-TUG/mic_M02_sx78.TextGrid,Male
../audioData/VAD_Kaggle/Data/Audio/Male/PTDB-TUG/mic_M03_si1011.wav,../audioData/VAD_Kaggle/Data/Annotation/Male/PTDB-TUG/mic_M03_si1011.TextGrid,Male
../audioData/VAD_Kaggle/Data/Audio/Male/PTDB-TUG/mic_M03_si1016.wav,../audioData/VAD_Kaggle/Data/Annotation/Male/PTDB-TUG/mic_M03_si1016.TextGrid,Male
../audioData/VAD_Kaggle/Data/Audio/Male/PTDB-TUG/mic_M03_si836.wav,../audioData/VAD_Kaggle/Data/Annotation/Male/PTDB-TUG/mic_M03_si836.TextGrid,Male
../audioData/VAD_Kaggle/Data/Audio/Male/PTDB-TUG/mic_M03_si844.wav,../audioData/VAD_Kaggle/Data/Annotation/Male/PTDB-TUG/mic_M03_si844.TextGrid,Male
../audioData/VAD_Kaggle/Data/Audio/Male/PTDB-TUG/mic_M03_si876.wav,../audioData/VAD_Kaggle/Data/Annotation/Male/PTDB-TUG/mic_M03_si876.TextGrid,Male
../audioData/VAD_Kaggle/Data/Audio/Male/PTDB-TUG/mic_M03_si907.wav,../audioData/VAD_Kaggle/Data/Annotation/Male/PTDB-TUG/mic_M03_si907.TextGrid,Male
../audioData/VAD_Kaggle/Data/Audio/Male/PTDB-TUG/mic_M03_si918.wav,../audioData/VAD_Kaggle/Data/Annotation/Male/PTDB-TUG/mic_M03_si918.TextGrid,Male
../audioData/VAD_Kaggle/Data/Audio/Male/PTDB-TUG/mic_M03_si938.wav,../audioData/VAD_Kaggle/Data/Annotation/Male/PTDB-TUG/mic_M03_si938.TextGrid,Male
../audioData/VAD_Kaggle/Data/Audio/Male/PTDB-TUG/mic_M03_si944.wav,../audioData/VAD_Kaggle/Data/Annotation/Male/PTDB-TUG/mic_M03_si944.TextGrid,Male
../audioData/VAD_Kaggle/Data/Audio/Male/PTDB-TUG/mic_M03_si993.wav,../audioData/VAD_Kaggle/Data/Annotation/Male/PTDB-TUG/mic_M03_si993.TextGrid,Male
../audioData/VAD_Kaggle/Data/Audio/Male/PTDB-TUG/mic_M03_sx121.wav,../audioData/VAD_Kaggle/Data/Annotation/Male/PTDB-TUG/mic_M03_sx121.TextGrid,Male
../audioData/VAD_Kaggle/Data/Audio/Male/PTDB-TUG/mic_M03_sx135.wav,../audioData/VAD_Kaggle/Data/Annotation/Male/PTDB-TUG/mic_M03_sx135.TextGrid,Male
../audioData/VAD_Kaggle/Data/Audio/Male/PTDB-TUG/mic_M04_si1022.wav,../audioData/VAD_Kaggle/Data/Annotation/Male/PTDB-TUG/mic_M04_si1022.TextGrid,Male
../audioData/VAD_Kaggle/Data/Audio/Male/PTDB-TUG/mic_M04_si1041.wav,../audioData/VAD_Kaggle/Data/Annotation/Male/PTDB-TUG/mic_M04_si1041.TextGrid,Male
../audioData/VAD_Kaggle/Data/Audio/Male/PTDB-TUG/mic_M04_si1066.wav,../audioData/VAD_Kaggle/Data/Annotation/Male/PTDB-TUG/mic_M04_si1066.TextGrid,Male
../audioData/VAD_Kaggle/Data/Audio/Male/PTDB-TUG/mic_M04_si1067.wav,../audioData/VAD_Kaggle/Data/Annotation/Male/PTDB-TUG/mic_M04_si1067.TextGrid,Male
../audioData/VAD_Kaggle/Data/Audio/Male/PTDB-TUG/mic_M04_si1104.wav,../audioData/VAD_Kaggle/Data/Annotation/Male/PTDB-TUG/mic_M04_si1104.TextGrid,Male
../audioData/VAD_Kaggle/Data/Audio/Male/PTDB-TUG/mic_M04_si1114.wav,../audioData/VAD_Kaggle/Data/Annotation/Male/PTDB-TUG/mic_M04_si1114.TextGrid,Male
../audioData/VAD_Kaggle/Data/Audio/Male/PTDB-TUG/mic_M04_si1136.wav,../audioData/VAD_Kaggle/Data/Annotation/Male/PTDB-TUG/mic_M04_si1136.TextGrid,Male
../audioData/VAD_Kaggle/Data/Audio/Male/PTDB-TUG/mic_M04_si1151.wav,../audioData/VAD_Kaggle/Data/Annotation/Male/PTDB-TUG/mic_M04_si1151.TextGrid,Male
../audioData/VAD_Kaggle/Data/Audio/Male/PTDB-TUG/mic_M04_si1180.wav,../audioData/VAD_Kaggle/Data/Annotation/Male/PTDB-TUG/mic_M04_si1180.TextGrid,Male
../audioData/VAD_Kaggle/Data/Audio/Male/PTDB-TUG/mic_M04_si1189.wav,../audioData/VAD_Kaggle/Data/Annotation/Male/PTDB-TUG/mic_M04_si1189.TextGrid,Male
../audioData/VAD_Kaggle/Data/Audio/Male/PTDB-TUG/mic_M04_si1207.wav,../audioData/VAD_Kaggle/Data/Annotation/Male/PTDB-TUG/mic_M04_si1207.TextGrid,Male
../audioData/VAD_Kaggle/Data/Audio/Male/PTDB-TUG/mic_M04_sx170.wav,../audioData/VAD_Kaggle/Data/Annotation/Male/PTDB-TUG/mic_M04_sx170.TextGrid,Male
../audioData/VAD_Kaggle/Data/Audio/Male/PTDB-TUG/mic_M05_si1216.wav,../audioData/VAD_Kaggle/Data/Annotation/Male/PTDB-TUG/mic_M05_si1216.TextGrid,Male
../audioData/VAD_Kaggle/Data/Audio/Male/PTDB-TUG/mic_M05_si1232.wav,../audioData/VAD_Kaggle/Data/Annotation/Male/PTDB-TUG/mic_M05_si1232.TextGrid,Male
../audioData/VAD_Kaggle/Data/Audio/Male/PTDB-TUG/mic_M05_si1240.wav,../audioData/VAD_Kaggle/Data/Annotation/Male/PTDB-TUG/mic_M05_si1240.TextGrid,Male
../audioData/VAD_Kaggle/Data/Audio/Male/PTDB-TUG/mic_M05_si1257.wav,../audioData/VAD_Kaggle/Data/Annotation/Male/PTDB-TUG/mic_M05_si1257.TextGrid,Male
../audioData/VAD_Kaggle/Data/Audio/Male/PTDB-TUG/mic_M05_si1274.wav,../audioData/VAD_Kaggle/Data/Annotation/Male/PTDB-TUG/mic_M05_si1274.TextGrid,Male
../audioData/VAD_Kaggle/Data/Audio/Male/PTDB-TUG/mic_M05_si1295.wav,../audioData/VAD_Kaggle/Data/Annotation/Male/PTDB-TUG/mic_M05_si1295.TextGrid,Male
../audioData/VAD_Kaggle/Data/Audio/Male/PTDB-TUG/mic_M05_si1302.wav,../audioData/VAD_Kaggle/Data/Annotation/Male/PTDB-TUG/mic_M05_si1302.TextGrid,Male
../audioData/VAD_Kaggle/Data/Audio/Male/PTDB-TUG/mic_M05_si1348.wav,../audioData/VAD_Kaggle/Data/Annotation/Male/PTDB-TUG/mic_M05_si1348.TextGrid,Male
../audioData/VAD_Kaggle/Data/Audio/Male/PTDB-TUG/mic_M05_si1370.wav,../audioData/VAD_Kaggle/Data/Annotation/Male/PTDB-TUG/mic_M05_si1370.TextGrid,Male
../audioData/VAD_Kaggle/Data/Audio/Male/PTDB-TUG/mic_M05_si1392.wav,../audioData/VAD_Kaggle/Data/Annotation/Male/PTDB-TUG/mic_M05_si1392.TextGrid,Male
../audioData/VAD_Kaggle/Data/Audio/Male/PTDB-TUG/mic_M05_sx185.wav,../audioData/VAD_Kaggle/Data/Annotation/Male/PTDB-TUG/mic_M05_sx185.TextGrid,Male
../audioData/VAD_Kaggle/Data/Audio/Male/PTDB-TUG/mic_M05_sx224.wav,../audioData/VAD_Kaggle/Data/Annotation/Male/PTDB-TUG/mic_M05_sx224.TextGrid,Male
../audioData/VAD_Kaggle/Data/Audio/Male/PTDB-TUG/mic_M06_si1415.wav,../audioData/VAD_Kaggle/Data/Annotation/Male/PTDB-TUG/mic_M06_si1415.TextGrid,Male
../audioData/VAD_Kaggle/Data/Audio/Male/PTDB-TUG/mic_M06_si1439.wav,../audioData/VAD_Kaggle/Data/Annotation/Male/PTDB-TUG/mic_M06_si1439.TextGrid,Male
../audioData/VAD_Kaggle/Data/Audio/Male/PTDB-TUG/mic_M06_si1452.wav,../audioData/VAD_Kaggle/Data/Annotation/Male/PTDB-TUG/mic_M06_si1452.TextGrid,Male
../audioData/VAD_Kaggle/Data/Audio/Male/PTDB-TUG/mic_M06_si1475.wav,../audioData/VAD_Kaggle/Data/Annotation/Male/PTDB-TUG/mic_M06_si1475.TextGrid,Male
../audioData/VAD_Kaggle/Data/Audio/Male/PTDB-TUG/mic_M06_si1481.wav,../audioData/VAD_Kaggle/Data/Annotation/Male/PTDB-TUG/mic_M06_si1481.TextGrid,Male
../audioData/VAD_Kaggle/Data/Audio/Male/PTDB-TUG/mic_M06_si1525.wav,../audioData/VAD_Kaggle/Data/Annotation/Male/PTDB-TUG/mic_M06_si1525.TextGrid,Male
../audioData/VAD_Kaggle/Data/Audio/Male/PTDB-TUG/mic_M06_si1532.wav,../audioData/VAD_Kaggle/Data/Annotation/Male/PTDB-TUG/mic_M06_si1532.TextGrid,Male
../audioData/VAD_Kaggle/Data/Audio/Male/PTDB-TUG/mic_M06_si1566.wav,../audioData/VAD_Kaggle/Data/Annotation/Male/PTDB-TUG/mic_M06_si1566.TextGrid,Male
../audioData/VAD_Kaggle/Data/Audio/Male/PTDB-TUG/mic_M06_si1578.wav,../audioData/VAD_Kaggle/Data/Annotation/Male/PTDB-TUG/mic_M06_si1578.TextGrid,Male
../audioData/VAD_Kaggle/Data/Audio/Male/PTDB-TUG/mic_M06_sx229.wav,../audioData/VAD_Kaggle/Data/Annotation/Male/PTDB-TUG/mic_M06_sx229.TextGrid,Male
../audioData/VAD_Kaggle/Data/Audio/Male/PTDB-TUG/mic_M06_sx268.wav,../audioData/VAD_Kaggle/Data/Annotation/Male/PTDB-TUG/mic_M06_sx268.TextGrid,Male
../audioData/VAD_Kaggle/Data/Audio/Male/PTDB-TUG/mic_M06_sx271.wav,../audioData/VAD_Kaggle/Data/Annotation/Male/PTDB-TUG/mic_M06_sx271.TextGrid,Male
../audioData/VAD_Kaggle/Data/Audio/Male/PTDB-TUG/mic_M07_si1597.wav,../audioData/VAD_Kaggle/Data/Annotation/Male/PTDB-TUG/mic_M07_si1597.TextGrid,Male
../audioData/VAD_Kaggle/Data/Audio/Male/PTDB-TUG/mic_M07_si1612.wav,../audioData/VAD_Kaggle/Data/Annotation/Male/PTDB-TUG/mic_M07_si1612.TextGrid,Male
../audioData/VAD_Kaggle/Data/Audio/Male/PTDB-TUG/mic_M07_si1635.wav,../audioData/VAD_Kaggle/Data/Annotation/Male/PTDB-TUG/mic_M07_si1635.TextGrid,Male
../audioData/VAD_Kaggle/Data/Audio/Male/PTDB-TUG/mic_M07_si1675.wav,../audioData/VAD_Kaggle/Data/Annotation/Male/PTDB-TUG/mic_M07_si1675.TextGrid,Male
../audioData/VAD_Kaggle/Data/Audio/Male/PTDB-TUG/mic_M07_si1683.wav,../audioData/VAD_Kaggle/Data/Annotation/Male/PTDB-TUG/mic_M07_si1683.TextGrid,Male
../audioData/VAD_Kaggle/Data/Audio/Male/PTDB-TUG/mic_M07_si1702.wav,../audioData/VAD_Kaggle/Data/Annotation/Male/PTDB-TUG/mic_M07_si1702.TextGrid,Male
../audioData/VAD_Kaggle/Data/Audio/Male/PTDB-TUG/mic_M07_si1703.wav,../audioData/VAD_Kaggle/Data/Annotation/Male/PTDB-TUG/mic_M07_si1703.TextGrid,Male
../audioData/VAD_Kaggle/Data/Audio/Male/PTDB-TUG/mic_M07_si1757.wav,../audioData/VAD_Kaggle/Data/Annotation/Male/PTDB-TUG/mic_M07_si1757.TextGrid,Male
../audioData/VAD_Kaggle/Data/Audio/Male/PTDB-TUG/mic_M07_si1764.wav,../audioData/VAD_Kaggle/Data/Annotation/Male/PTDB-TUG/mic_M07_si1764.TextGrid,Male
../audioData/VAD_Kaggle/Data/Audio/Male/PTDB-TUG/mic_M07_si1774.wav,../audioData/VAD_Kaggle/Data/Annotation/Male/PTDB-TUG/mic_M07_si1774.TextGrid,Male
../audioData/VAD_Kaggle/Data/Audio/Male/PTDB-TUG/mic_M07_sx299.wav,../audioData/VAD_Kaggle/Data/Annotation/Male/PTDB-TUG/mic_M07_sx299.TextGrid,Male
../audioData/VAD_Kaggle/Data/Audio/Male/PTDB-TUG/mic_M07_sx311.wav,../audioData/VAD_Kaggle/Data/Annotation/Male/PTDB-TUG/mic_M07_sx311.TextGrid,Male
../audioData/VAD_Kaggle/Data/Audio/Male/PTDB-TUG/mic_M08_si1786.wav,../audioData/VAD_Kaggle/Data/Annotation/Male/PTDB-TUG/mic_M08_si1786.TextGrid,Male
../audioData/VAD_Kaggle/Data/Audio/Male/PTDB-TUG/mic_M08_si1804.wav,../audioData/VAD_Kaggle/Data/Annotation/Male/PTDB-TUG/mic_M08_si1804.TextGrid,Male
../audioData/VAD_Kaggle/Data/Audio/Male/PTDB-TUG/mic_M08_si1827.wav,../audioData/VAD_Kaggle/Data/Annotation/Male/PTDB-TUG/mic_M08_si1827.TextGrid,Male
../audioData/VAD_Kaggle/Data/Audio/Male/PTDB-TUG/mic_M08_si1854.wav,../audioData/VAD_Kaggle/Data/Annotation/Male/PTDB-TUG/mic_M08_si1854.TextGrid,Male
../audioData/VAD_Kaggle/Data/Audio/Male/PTDB-TUG/mic_M08_si1876.wav,../audioData/VAD_Kaggle/Data/Annotation/Male/PTDB-TUG/mic_M08_si1876.TextGrid,Male
../audioData/VAD_Kaggle/Data/Audio/Male/PTDB-TUG/mic_M08_si1905.wav,../audioData/VAD_Kaggle/Data/Annotation/Male/PTDB-TUG/mic_M08_si1905.TextGrid,Male
../audioData/VAD_Kaggle/Data/Audio/Male/PTDB-TUG/mic_M08_si1927.wav,../audioData/VAD_Kaggle/Data/Annotation/Male/PTDB-TUG/mic_M08_si1927.TextGrid,Male
../audioData/VAD_Kaggle/Data/Audio/Male/PTDB-TUG/mic_M08_si1933.wav,../audioData/VAD_Kaggle/Data/Annotation/Male/PTDB-TUG/mic_M08_si1933.TextGrid,Male
../audioData/VAD_Kaggle/Data/Audio/Male/PTDB-TUG/mic_M08_si1949.wav,../audioData/VAD_Kaggle/Data/Annotation/Male/PTDB-TUG/mic_M08_si1949.TextGrid,Male
../audioData/VAD_Kaggle/Data/Audio/Male/PTDB-TUG/mic_M08_sx319.wav,../audioData/VAD_Kaggle/Data/Annotation/Male/PTDB-TUG/mic_M08_sx319.TextGrid,Male
../audioData/VAD_Kaggle/Data/Audio/Male/PTDB-TUG/mic_M08_sx346.wav,../audioData/VAD_Kaggle/Data/Annotation/Male/PTDB-TUG/mic_M08_sx346.TextGrid,Male
../audioData/VAD_Kaggle/Data/Audio/Male/PTDB-TUG/mic_M08_sx353.wav,../audioData/VAD_Kaggle/Data/Annotation/Male/PTDB-TUG/mic_M08_sx353.TextGrid,Male
../audioData/VAD_Kaggle/Data/Audio/Male/PTDB-TUG/mic_M09_si1970.wav,../audioData/VAD_Kaggle/Data/Annotation/Male/PTDB-TUG/mic_M09_si1970.TextGrid,Male
../audioData/VAD_Kaggle/Data/Audio/Male/PTDB-TUG/mic_M09_si1974.wav,../audioData/VAD_Kaggle/Data/Annotation/Male/PTDB-TUG/mic_M09_si1974.TextGrid,Male
../audioData/VAD_Kaggle/Data/Audio/Male/PTDB-TUG/mic_M09_si1989.wav,../audioData/VAD_Kaggle/Data/Annotation/Male/PTDB-TUG/mic_M09_si1989.TextGrid,Male
../audioData/VAD_Kaggle/Data/Audio/Male/PTDB-TUG/mic_M09_si1998.wav,../audioData/VAD_Kaggle/Data/Annotation/Male/PTDB-TUG/mic_M09_si1998.TextGrid,Male
../audioData/VAD_Kaggle/Data/Audio/Male/PTDB-TUG/mic_M09_si2015.wav,../audioData/VAD_Kaggle/Data/Annotation/Male/PTDB-TUG/mic_M09_si2015.TextGrid,Male
../audioData/VAD_Kaggle/Data/Audio/Male/PTDB-TUG/mic_M09_si2022.wav,../audioData/VAD_Kaggle/Data/Annotation/Male/PTDB-TUG/mic_M09_si2022.TextGrid,Male
../audioData/VAD_Kaggle/Data/Audio/Male/PTDB-TUG/mic_M09_si2046.wav,../audioData/VAD_Kaggle/Data/Annotation/Male/PTDB-TUG/mic_M09_si2046.TextGrid,Male
../audioData/VAD_Kaggle/Data/Audio/Male/PTDB-TUG/mic_M09_si2064.wav,../audioData/VAD_Kaggle/Data/Annotation/Male/PTDB-TUG/mic_M09_si2064.TextGrid,Male
../audioData/VAD_Kaggle/Data/Audio/Male/PTDB-TUG/mic_M09_si2091.wav,../audioData/VAD_Kaggle/Data/Annotation/Male/PTDB-TUG/mic_M09_si2091.TextGrid,Male
../audioData/VAD_Kaggle/Data/Audio/Male/PTDB-TUG/mic_M09_si2146.wav,../audioData/VAD_Kaggle/Data/Annotation/Male/PTDB-TUG/mic_M09_si2146.TextGrid,Male
../audioData/VAD_Kaggle/Data/Audio/Male/PTDB-TUG/mic_M09_sx376.wav,../audioData/VAD_Kaggle/Data/Annotation/Male/PTDB-TUG/mic_M09_sx376.TextGrid,Male
../audioData/VAD_Kaggle/Data/Audio/Male/PTDB-TUG/mic_M09_sx407.wav,../audioData/VAD_Kaggle/Data/Annotation/Male/PTDB-TUG/mic_M09_sx407.TextGrid,Male
../audioData/VAD_Kaggle/Data/Audio/Male/PTDB-TUG/mic_M10_si2169.wav,../audioData/VAD_Kaggle/Data/Annotation/Male/PTDB-TUG/mic_M10_si2169.TextGrid,Male
../audioData/VAD_Kaggle/Data/Audio/Male/PTDB-TUG/mic_M10_si2186.wav,../audioData/VAD_Kaggle/Data/Annotation/Male/PTDB-TUG/mic_M10_si2186.TextGrid,Male
../audioData/VAD_Kaggle/Data/Audio/Male/PTDB-TUG/mic_M10_si2192.wav,../audioData/VAD_Kaggle/Data/Annotation/Male/PTDB-TUG/mic_M10_si2192.TextGrid,Male
../audioData/VAD_Kaggle/Data/Audio/Male/PTDB-TUG/mic_M10_si2201.wav,../audioData/VAD_Kaggle/Data/Annotation/Male/PTDB-TUG/mic_M10_si2201.TextGrid,Male
../audioData/VAD_Kaggle/Data/Audio/Male/PTDB-TUG/mic_M10_si2219.wav,../audioData/VAD_Kaggle/Data/Annotation/Male/PTDB-TUG/mic_M10_si2219.TextGrid,Male
../audioData/VAD_Kaggle/Data/Audio/Male/PTDB-TUG/mic_M10_si2251.wav,../audioData/VAD_Kaggle/Data/Annotation/Male/PTDB-TUG/mic_M10_si2251.TextGrid,Male
../audioData/VAD_Kaggle/Data/Audio/Male/PTDB-TUG/mic_M10_si2269.wav,../audioData/VAD_Kaggle/Data/Annotation/Male/PTDB-TUG/mic_M10_si2269.TextGrid,Male
../audioData/VAD_Kaggle/Data/Audio/Male/PTDB-TUG/mic_M10_si2296.wav,../audioData/VAD_Kaggle/Data/Annotation/Male/PTDB-TUG/mic_M10_si2296.TextGrid,Male
../audioData/VAD_Kaggle/Data/Audio/Male/PTDB-TUG/mic_M10_si2313.wav,../audioData/VAD_Kaggle/Data/Annotation/Male/PTDB-TUG/mic_M10_si2313.TextGrid,Male
../audioData/VAD_Kaggle/Data/Audio/Male/PTDB-TUG/mic_M10_si2339.wav,../audioData/VAD_Kaggle/Data/Annotation/Male/PTDB-TUG/mic_M10_si2339.TextGrid,Male
../audioData/VAD_Kaggle/Data/Audio/Male/PTDB-TUG/mic_M10_sx423.wav,../audioData/VAD_Kaggle/Data/Annotation/Male/PTDB-TUG/mic_M10_sx423.TextGrid,Male
../audioData/VAD_Kaggle/Data/Audio/Male/PTDB-TUG/mic_M10_sx442.wav,../audioData/VAD_Kaggle/Data/Annotation/Male/PTDB-TUG/mic_M10_sx442.TextGrid,Male
../audioData/VAD_Kaggle/Data/Audio/Male/TMIT/SI1060.wav,../audioData/VAD_Kaggle/Data/Annotation/Male/TMIT/SI1060.TextGrid,Male
../audioData/VAD_Kaggle/Data/Audio/Male/TMIT/SI1125.wav,../audioData/VAD_Kaggle/Data/Annotation/Male/TMIT/SI1125.TextGrid,Male
../audioData/VAD_Kaggle/Data/Audio/Male/TMIT/SI1162.wav,../audioData/VAD_Kaggle/Data/Annotation/Male/TMIT/SI1162.TextGrid,Male
../audioData/VAD_Kaggle/Data/Audio/Male/TMIT/SI1192.wav,../audioData/VAD_Kaggle/Data/Annotation/Male/TMIT/SI1192.TextGrid,Male
../audioData/VAD_Kaggle/Data/Audio/Male/TMIT/SI1256.wav,../audioData/VAD_Kaggle/Data/Annotation/Male/TMIT/SI1256.TextGrid,Male
../audioData/VAD_Kaggle/Data/Audio/Male/TMIT/SI1335.wav,../audioData/VAD_Kaggle/Data/Annotation/Male/TMIT/SI1335.TextGrid,Male
../audioData/VAD_Kaggle/Data/Audio/Male/TMIT/SI1411.wav,../audioData/VAD_Kaggle/Data/Annotation/Male/TMIT/SI1411.TextGrid,Male
../audioData/VAD_Kaggle/Data/Audio/Male/TMIT/SI1446.wav,../audioData/VAD_Kaggle/Data/Annotation/Male/TMIT/SI1446.TextGrid,Male
../audioData/VAD_Kaggle/Data/Audio/Male/TMIT/SI1491.wav,../audioData/VAD_Kaggle/Data/Annotation/Male/TMIT/SI1491.TextGrid,Male
../audioData/VAD_Kaggle/Data/Audio/Male/TMIT/SI1690.wav,../audioData/VAD_Kaggle/Data/Annotation/Male/TMIT/SI1690.TextGrid,Male
../audioData/VAD_Kaggle/Data/Audio/Male/TMIT/SI1755.wav,../audioData/VAD_Kaggle/Data/Annotation/Male/TMIT/SI1755.TextGrid,Male
../audioData/VAD_Kaggle/Data/Audio/Male/TMIT/SI1792.wav,../audioData/VAD_Kaggle/Data/Annotation/Male/TMIT/SI1792.TextGrid,Male
../audioData/VAD_Kaggle/Data/Audio/Male/TMIT/SI1822.wav,../audioData/VAD_Kaggle/Data/Annotation/Male/TMIT/SI1822.TextGrid,Male
../audioData/VAD_Kaggle/Data/Audio/Male/TMIT/SI1840.wav,../audioData/VAD_Kaggle/Data/Annotation/Male/TMIT/SI1840.TextGrid,Male
../audioData/VAD_Kaggle/Data/Audio/Male/TMIT/SI1965.wav,../audioData/VAD_Kaggle/Data/Annotation/Male/TMIT/SI1965.TextGrid,Male
../audioData/VAD_Kaggle/Data/Audio/Male/TMIT/SI2076.wav,../audioData/VAD_Kaggle/Data/Annotation/Male/TMIT/SI2076.TextGrid,Male
../audioData/VAD_Kaggle/Data/Audio/Male/TMIT/SI2121.wav,../audioData/VAD_Kaggle/Data/Annotation/Male/TMIT/SI2121.TextGrid,Male
../audioData/VAD_Kaggle/Data/Audio/Male/TMIT/SI2250.wav,../audioData/VAD_Kaggle/Data/Annotation/Male/TMIT/SI2250.TextGrid,Male
../audioData/VAD_Kaggle/Data/Audio/Male/TMIT/SI2320.wav,../audioData/VAD_Kaggle/Data/Annotation/Male/TMIT/SI2320.TextGrid,Male
../audioData/VAD_Kaggle/Data/Audio/Male/TMIT/SI532.wav,../audioData/VAD_Kaggle/Data/Annotation/Male/TMIT/SI532.TextGrid,Male
../audioData/VAD_Kaggle/Data/Audio/Male/TMIT/SI562.wav,../audioData/VAD_Kaggle/Data/Annotation/Male/TMIT/SI562.TextGrid,Male
../audioData/VAD_Kaggle/Data/Audio/Male/TMIT/SI816.wav,../audioData/VAD_Kaggle/Data/Annotation/Male/TMIT/SI816.TextGrid,Male
../audioData/VAD_Kaggle/Data/Audio/Male/TMIT/SI861.wav,../audioData/VAD_Kaggle/Data/Annotation/Male/TMIT/SI861.TextGrid,Male
../audioData/VAD_Kaggle/Data/Audio/Male/TMIT/SI990.wav,../audioData/VAD_Kaggle/Data/Annotation/Male/TMIT/SI990.TextGrid,Male
../audioData/VAD_Kaggle/Data/Audio/Male/TMIT/SX112.wav,../audioData/VAD_Kaggle/Data/Annotation/Male/TMIT/SX112.TextGrid,Male
../audioData/VAD_Kaggle/Data/Audio/Male/TMIT/SX135.wav,../audioData/VAD_Kaggle/Data/Annotation/Male/TMIT/SX135.TextGrid,Male
../audioData/VAD_Kaggle/Data/Audio/Male/TMIT/SX141.wav,../audioData/VAD_Kaggle/Data/Annotation/Male/TMIT/SX141.TextGrid,Male
../audioData/VAD_Kaggle/Data/Audio/Male/TMIT/SX160.wav,../audioData/VAD_Kaggle/Data/Annotation/Male/TMIT/SX160.TextGrid,Male
../audioData/VAD_Kaggle/Data/Audio/Male/TMIT/SX165.wav,../audioData/VAD_Kaggle/Data/Annotation/Male/TMIT/SX165.TextGrid,Male
../audioData/VAD_Kaggle/Data/Audio/Male/TMIT/SX172.wav,../audioData/VAD_Kaggle/Data/Annotation/Male/TMIT/SX172.TextGrid,Male
../audioData/VAD_Kaggle/Data/Audio/Male/TMIT/SX180.wav,../audioData/VAD_Kaggle/Data/Annotation/Male/TMIT/SX180.TextGrid,Male
../audioData/VAD_Kaggle/Data/Audio/Male/TMIT/SX186.wav,../audioData/VAD_Kaggle/Data/Annotation/Male/TMIT/SX186.TextGrid,Male
../audioData/VAD_Kaggle/Data/Audio/Male/TMIT/SX202.wav,../audioData/VAD_Kaggle/Data/Annotation/Male/TMIT/SX202.TextGrid,Male
../audioData/VAD_Kaggle/Data/Audio/Male/TMIT/SX22.wav,../audioData/VAD_Kaggle/Data/Annotation/Male/TMIT/SX22.TextGrid,Male
../audioData/VAD_Kaggle/Data/Audio/Male/TMIT/SX225.wav,../audioData/VAD_Kaggle/Data/Annotation/Male/TMIT/SX225.TextGrid,Male
../audioData/VAD_Kaggle/Data/Audio/Male/TMIT/SX231.wav,../audioData/VAD_Kaggle/Data/Annotation/Male/TMIT/SX231.TextGrid,Male
../audioData/VAD_Kaggle/Data/Audio/Male/TMIT/SX250.wav,../audioData/VAD_Kaggle/Data/Annotation/Male/TMIT/SX250.TextGrid,Male
../audioData/VAD_Kaggle/Data/Audio/Male/TMIT/SX255.wav,../audioData/VAD_Kaggle/Data/Annotation/Male/TMIT/SX255.TextGrid,Male
../audioData/VAD_Kaggle/Data/Audio/Male/TMIT/SX262.wav,../audioData/VAD_Kaggle/Data/Annotation/Male/TMIT/SX262.TextGrid,Male
../audioData/VAD_Kaggle/Data/Audio/Male/TMIT/SX270.wav,../audioData/VAD_Kaggle/Data/Annotation/Male/TMIT/SX270.TextGrid,Male
../audioData/VAD_Kaggle/Data/Audio/Male/TMIT/SX276.wav,../audioData/VAD_Kaggle/Data/Annotation/Male/TMIT/SX276.TextGrid,Male
../audioData/VAD_Kaggle/Data/Audio/Male/TMIT/SX292.wav,../audioData/VAD_Kaggle/Data/Annotation/Male/TMIT/SX292.TextGrid,Male
../audioData/VAD_Kaggle/Data/Audio/Male/TMIT/SX31.wav,../audioData/VAD_Kaggle/Data/Annotation/Male/TMIT/SX31.TextGrid,Male
../audioData/VAD_Kaggle/Data/Audio/Male/TMIT/SX315.wav,../audioData/VAD_Kaggle/Data/Annotation/Male/TMIT/SX315.TextGrid,Male
../audioData/VAD_Kaggle/Data/Audio/Male/TMIT/SX340.wav,../audioData/VAD_Kaggle/Data/Annotation/Male/TMIT/SX340.TextGrid,Male
../audioData/VAD_Kaggle/Data/Audio/Male/TMIT/SX345.wav,../audioData/VAD_Kaggle/Data/Annotation/Male/TMIT/SX345.TextGrid,Male
../audioData/VAD_Kaggle/Data/Audio/Male/TMIT/SX360.wav,../audioData/VAD_Kaggle/Data/Annotation/Male/TMIT/SX360.TextGrid,Male
../audioData/VAD_Kaggle/Data/Audio/Male/TMIT/SX366.wav,../audioData/VAD_Kaggle/Data/Annotation/Male/TMIT/SX366.TextGrid,Male
../audioData/VAD_Kaggle/Data/Audio/Male/TMIT/SX382.wav,../audioData/VAD_Kaggle/Data/Annotation/Male/TMIT/SX382.TextGrid,Male
../audioData/VAD_Kaggle/Data/Audio/Male/TMIT/SX405.wav,../audioData/VAD_Kaggle/Data/Annotation/Male/TMIT/SX405.TextGrid,Male
../audioData/VAD_Kaggle/Data/Audio/Male/TMIT/SX411.wav,../audioData/VAD_Kaggle/Data/Annotation/Male/TMIT/SX411.TextGrid,Male
../audioData/VAD_Kaggle/Data/Audio/Male/TMIT/SX416.wav,../audioData/VAD_Kaggle/Data/Annotation/Male/TMIT/SX416.TextGrid,Male
../audioData/VAD_Kaggle/Data/Audio/Male/TMIT/SX430.wav,../audioData/VAD_Kaggle/Data/Annotation/Male/TMIT/SX430.TextGrid,Male
../audioData/VAD_Kaggle/Data/Audio/Male/TMIT/SX435.wav,../audioData/VAD_Kaggle/Data/Annotation/Male/TMIT/SX435.TextGrid,Male
../audioData/VAD_Kaggle/Data/Audio/Male/TMIT/SX442.wav,../audioData/VAD_Kaggle/Data/Annotation/Male/TMIT/SX442.TextGrid,Male
../audioData/VAD_Kaggle/Data/Audio/Male/TMIT/SX45.wav,../audioData/VAD_Kaggle/Data/Annotation/Male/TMIT/SX45.TextGrid,Male
../audioData/VAD_Kaggle/Data/Audio/Male/TMIT/SX450.wav,../audioData/VAD_Kaggle/Data/Annotation/Male/TMIT/SX450.TextGrid,Male
../audioData/VAD_Kaggle/Data/Audio/Male/TMIT/SX51.wav,../audioData/VAD_Kaggle/Data/Annotation/Male/TMIT/SX51.TextGrid,Male
../audioData/VAD_Kaggle/Data/Audio/Male/TMIT/SX6.wav,../audioData/VAD_Kaggle/Data/Annotation/Male/TMIT/SX6.TextGrid,Male
../audioData/VAD_Kaggle/Data/Audio/Male/TMIT/SX70.wav,../audioData/VAD_Kaggle/Data/Annotation/Male/TMIT/SX70.TextGrid,Male
../audioData/VAD_Kaggle/Data/Audio/Male/TMIT/SX75.wav,../audioData/VAD_Kaggle/Data/Annotation/Male/TMIT/SX75.TextGrid,Male
../audioData/VAD_Kaggle/Data/Audio/Male/TMIT/SX82.wav,../audioData/VAD_Kaggle/Data/Annotation/Male/TMIT/SX82.TextGrid,Male
../audioData/VAD_Kaggle/Data/Audio/Male/TMIT/SX90.wav,../audioData/VAD_Kaggle/Data/Annotation/Male/TMIT/SX90.TextGrid,Male
../audioData/VAD_Kaggle/Data/Audio/Male/TMIT/SX96.wav,../audioData/VAD_Kaggle/Data/Annotation/Male/TMIT/SX96.TextGrid,Male
